,Name,Age,Height,Weight,NOC,Year,City,Medal,Times_Participated,Participation_Number
1301,Ilona cs (-Zimmermann),16.0,171.32436260623228,61.75478645066274,HUN,1936,Berlin,no medal,1,1
1738,"Margarete ""Grete"" Adler",16.0,171.32436260623228,61.75478645066274,AUT,1912,Stockholm,no medal,2,1
2408,Elisabeth Ulla Johanna kesdotter Ahlgren (-Borglin),23.0,171.32436260623228,61.75478645066274,SWE,1948,London,no medal,1,1
3097,Anastasiya Sergeyevna Aksenova,18.0,182.0,65.0,RUS,2008,Beijing,no medal,1,1
4272,"Joan ""Jody"" Alderson (-Braskamp)",17.0,170.0,59.0,USA,1952,Helsinki,no medal,1,1
4306,Ana Feio da Gama Alegria,15.0,177.0,65.0,POR,1992,Barcelona,no medal,2,1
4853,Triin Aljand,23.0,179.0,68.0,EST,2008,Beijing,no medal,3,2
4870,Jasmine Alkhaldi,19.0,180.0,60.0,PHI,2012,London,no medal,2,1
4871,Jasmine Alkhaldi,23.0,180.0,60.0,PHI,2016,Rio de Janeiro,no medal,2,2
4876,Fatim Alkrmova,14.0,175.0,60.0,AZE,2016,Rio de Janeiro,no medal,1,1
4937,Lesley Allardice,15.0,162.0,50.0,GBR,1972,Munich,no medal,1,1
5435,Malin Therse Alshammar,23.0,180.0,64.0,SWE,2000,Sydney,Silver,6,2
5674,Valeria lvarez,18.0,171.32436260623228,61.75478645066274,ARG,1996,Atlanta,no medal,1,1
6259,Linda Amos,18.0,173.0,73.0,GBR,1964,Tokyo,no medal,1,1
6336,Gail Amundrud (-Beattie),19.0,183.0,70.0,CAN,1976,Montreal,no medal,1,1
6520,Virginia Anchestegui Rabasa,15.0,168.0,55.0,MEX,1972,Munich,no medal,1,1
6652,"Greta Marie Andersen (-Sonnichsen, -Veress)",21.0,171.32436260623228,61.75478645066274,DEN,1948,London,Gold,2,1
6655,"Greta Marie Andersen (-Sonnichsen, -Veress)",25.0,171.32436260623228,61.75478645066274,DEN,1952,Helsinki,no medal,2,2
6709,"Else Lilly ""Lilli"" Andersen (-Svanberg)",17.0,171.32436260623228,61.75478645066274,DEN,1932,Los Angeles,no medal,1,1
6967,Eva Maria Andersson,15.0,167.0,63.0,SWE,1972,Munich,no medal,1,1
7001,Inger Elisabeth Andersson (-Fogelstrm),18.0,171.0,66.0,SWE,1972,Munich,no medal,1,1
7065,Lotten Katrin Andersson,18.0,167.0,53.0,SWE,1968,Mexico City,no medal,2,2
8646,Ruth Evelyn Apt Leheimer,15.0,152.0,50.0,URU,1968,Mexico City,no medal,1,1
8847,Yukie Arata,17.0,171.32436260623228,61.75478645066274,JPN,1932,Los Angeles,no medal,1,1
8857,Carolina Araujo,17.0,158.0,61.75478645066274,MOZ,1988,Seoul,no medal,1,1
9058,Josette Arne (Delmas-),23.0,171.32436260623228,61.75478645066274,FRA,1948,London,no medal,2,1
9060,Josette Arne (Delmas-),27.0,171.32436260623228,61.75478645066274,FRA,1952,Helsinki,no medal,2,2
9346,Marie-Thrse Armentero (-Fuzzati),18.0,164.0,67.0,SUI,1984,Los Angeles,no medal,2,1
9349,Marie-Thrse Armentero (-Fuzzati),22.0,164.0,67.0,SUI,1988,Seoul,no medal,2,2
9488,Eva Johanne Arndt-Riise,16.0,171.32436260623228,61.75478645066274,DEN,1936,Berlin,no medal,2,1
9648,Marcia Arriaga Larrinua,12.0,168.0,58.0,MEX,1968,Mexico City,no medal,2,1
9651,Marcia Arriaga Larrinua,16.0,168.0,58.0,MEX,1972,Munich,no medal,2,2
9738,Heather Ann Arseth,22.0,170.0,60.0,MRI,2016,Rio de Janeiro,no medal,2,2
10467,Silvana Asturias Morel,15.0,154.0,55.0,GUA,1968,Mexico City,no medal,1,1
11281,Maria Awori,15.0,160.0,47.0,KEN,2000,Sydney,no medal,1,1
11481,Sihame Ayouba Ali,17.0,161.0,50.0,COM,2012,London,no medal,1,1
11659,Miyoko Azuma,19.0,162.0,60.0,JPN,1964,Tokyo,no medal,1,1
11776,Shirley Frances Babashoff,15.0,178.0,67.0,USA,1972,Munich,Silver,2,1
11781,Shirley Frances Babashoff,19.0,178.0,67.0,USA,1976,Montreal,no medal,2,2
14637,Florence Barker,19.292025862068964,171.32436260623228,61.75478645066274,GBR,1924,Paris,no medal,1,1
14822,Angela Mary Barnwell (-Kemp),16.0,171.32436260623228,61.75478645066274,GBR,1952,Helsinki,no medal,1,1
15093,Blanca Luz Barrn Serrano,22.0,168.0,50.0,MEX,1956,Melbourne,no medal,2,1
15094,Blanca Luz Barrn Serrano,26.0,168.0,50.0,MEX,1960,Roma,no medal,2,2
15597,Paulina Barzycka,18.0,181.0,67.0,POL,2004,Athina,no medal,2,1
16357,"Suzanne Carol ""Susie"" Baumer (-Ford)",22.0,168.0,60.0,AUS,1988,Seoul,no medal,2,2
16979,"Lillian ""Lily"" De Beaurepaire (-Clarke)",26.0,171.32436260623228,61.75478645066274,AUS,1920,Antwerpen,no medal,1,1
17748,"Gertrude ""Traudi"" Beierlein",23.0,171.0,58.0,GER,1964,Tokyo,no medal,1,1
17787,"Maria Martha ""Rie"" Beisenherz",18.0,171.32436260623228,61.75478645066274,NED,1920,Antwerpen,no medal,1,1
18168,"Lynette ""Lyn"" Bell (-Chipchase)",17.0,167.0,57.0,AUS,1964,Tokyo,no medal,2,1
18170,"Lynette ""Lyn"" Bell (-Chipchase)",21.0,167.0,57.0,AUS,1968,Mexico City,no medal,2,2
18875,Daniela Beneck (-Frinolli),18.0,163.0,54.0,ITA,1964,Tokyo,no medal,2,2
19656,"Aina Berg (-Brolin, -Heinze)",18.0,171.32436260623228,61.75478645066274,SWE,1920,Antwerpen,no medal,2,1
19815,Guylaine Berger (-Talochino),16.0,169.0,58.0,FRA,1972,Munich,no medal,3,1
19817,Guylaine Berger (-Talochino),20.0,169.0,58.0,FRA,1976,Montreal,no medal,3,2
19821,Guylaine Berger (-Talochino),24.0,169.0,58.0,FRA,1980,Moskva,no medal,3,3
19939,Gudrun Elisabeth Berglund,19.0,167.0,51.0,SWE,1968,Mexico City,no medal,1,1
19948,Maud Karin Berglund (-Svensson),18.0,171.32436260623228,61.75478645066274,SWE,1952,Helsinki,no medal,1,1
21011,"Catharina Johanna ""Toos"" Beumer (-Krediet)",17.0,174.0,70.0,NED,1964,Tokyo,no medal,2,1
21013,"Catharina Johanna ""Toos"" Beumer (-Krediet)",21.0,174.0,70.0,NED,1968,Mexico City,no medal,2,2
22130,Angela Birch,14.0,175.0,57.0,FIJ,1988,Seoul,no medal,1,1
22203,Lillian Birkenhead (-Pearce),15.0,171.32436260623228,61.75478645066274,GBR,1920,Antwerpen,no medal,1,1
22534,Lra Hrund Bjargardttir,19.0,167.0,58.0,ISL,2000,Sydney,no medal,2,1
22593,Elsa Margareta Bjrklund (-Olsson),17.0,171.32436260623228,61.75478645066274,SWE,1912,Stockholm,no medal,1,1
22730,Susann Jakobsen Bjrnsen,23.0,182.0,72.0,NOR,2016,Rio de Janeiro,no medal,1,1
22981,Lorna Blake,14.0,167.0,50.0,PUR,1968,Mexico City,no medal,1,1
23284,Ethelda Marguerite Bleibtrey (-Schlatke),18.0,171.32436260623228,61.75478645066274,USA,1920,Antwerpen,Gold,1,1
23488,Rene Blondeau (-Bellecroix),18.0,171.32436260623228,61.75478645066274,FRA,1936,Berlin,no medal,1,1
23605,Pernille Blume,18.0,170.0,58.0,DEN,2012,London,no medal,2,1
23610,Pernille Blume,22.0,170.0,58.0,DEN,2016,Rio de Janeiro,no medal,2,2
24147,Geert Boekhout,18.0,174.0,62.0,BEL,1976,Montreal,no medal,1,1
25330,Charlotte Bonnet,17.0,175.0,64.0,FRA,2012,London,no medal,2,1
25333,Charlotte Bonnet,21.0,175.0,64.0,FRA,2016,Rio de Janeiro,no medal,2,2
25582,Sharon Booth,16.0,166.0,56.0,AUS,1972,Munich,no medal,1,1
26052,Katalin Boros,19.0,173.0,63.0,HUN,1960,Roma,no medal,1,1
26290,"Petronella Johanna Maria ""Nel"" Bos",20.0,170.0,58.0,NED,1968,Mexico City,no medal,1,1
26481,Tine Bossuyt,20.0,185.0,76.0,BEL,2000,Sydney,no medal,1,1
26598,Jean Annabel Botham,17.0,171.32436260623228,61.75478645066274,GBR,1952,Helsinki,no medal,1,1
27684,Charlotte Duggan Boyle (-Clune),20.0,167.0,61.75478645066274,USA,1920,Antwerpen,no medal,1,1
28664,Gerda Kirsten Margareta Bredgaard,20.0,171.32436260623228,61.75478645066274,DEN,1928,Amsterdam,no medal,1,1
29162,Karin Brienesse,19.0,181.0,73.0,NED,1988,Seoul,no medal,3,1
29166,Karin Brienesse,23.0,181.0,73.0,NED,1992,Barcelona,no medal,3,2
29169,Karin Brienesse,27.0,181.0,73.0,NED,1996,Atlanta,no medal,3,3
29219,Enith Sijtje Maria Brigitha (-Salle),17.0,174.0,67.0,NED,1972,Munich,no medal,2,1
29224,Enith Sijtje Maria Brigitha (-Salle),21.0,174.0,67.0,NED,1976,Montreal,Bronze,2,2
30177,"Rosemary Edith Brown (-Alexander, -Fydler)",19.0,173.0,62.0,AUS,1980,Moskva,no medal,1,1
30416,Magda Bruggemann Schmidt,18.0,171.32436260623228,61.75478645066274,MEX,1948,London,no medal,1,1
30708,"Ursula ""Ursel"" Brunner (-Wirth)",19.0,165.0,55.0,GER,1960,Roma,no medal,2,1
31779,Ratchaneewan Bulakul,13.0,165.0,44.0,THA,1976,Montreal,no medal,1,1
31910,Neville Frances Bult (-Vorrath),19.0,163.0,61.75478645066274,AUS,1932,Los Angeles,no medal,1,1
31990,Hansje Bunschoten,14.0,171.32436260623228,61.75478645066274,NED,1972,Munich,no medal,1,1
32372,Lucy Burle Kalache,17.0,172.0,63.0,BRA,1972,Munich,no medal,1,1
33934,Romana Calligaris,27.0,173.0,62.0,ITA,1952,Helsinki,no medal,1,1
34182,Adriana Camelli,19.292025862068964,171.32436260623228,61.75478645066274,ARG,1948,London,no medal,1,1
34312,Bronte Campbell,22.0,179.0,58.0,AUS,2016,Rio de Janeiro,no medal,2,2
34319,Cate Natalie Campbell,16.0,186.0,67.0,AUS,2008,Beijing,no medal,3,1
34324,Cate Natalie Campbell,24.0,186.0,67.0,AUS,2016,Rio de Janeiro,no medal,3,3
34375,Jeannette Morven Campbell (-Peper),20.0,171.32436260623228,61.75478645066274,ARG,1936,Berlin,Silver,1,1
35633,Greta Ingeborg Carlsson (-Nygren),13.0,171.32436260623228,61.75478645066274,SWE,1912,Stockholm,no medal,1,1
35847,Fernande Caroen,27.0,171.32436260623228,61.75478645066274,BEL,1948,London,no medal,1,1
36215,Fritze Wulff Carstensen (Nathansen-),23.0,171.32436260623228,61.75478645066274,DEN,1948,London,no medal,1,1
36873,Lylian Stella Castillo Gmez,15.0,162.0,58.0,URU,1968,Mexico City,no medal,1,1
37805,Carolina Cerqueda Santacreu,18.0,160.0,53.0,AND,2004,Athina,no medal,1,1
38493,Natthanan Chankrajang,22.0,166.0,57.0,THA,2008,Beijing,no medal,3,1
38497,Natthanan Chankrajang,30.0,166.0,57.0,THA,2016,Rio de Janeiro,no medal,3,3
38792,Garnet Charwat,13.0,167.0,50.0,NCA,1980,Moskva,no medal,1,1
39560,"Li Mei ""Camille Lily"" Cheng",23.0,178.0,65.0,HKG,2016,Rio de Janeiro,no medal,1,1
39602,Cheng Jiaru,19.0,179.0,66.0,CHN,2004,Athina,no medal,1,1
40172,Suzu Chiba,16.0,170.0,58.0,JPN,1992,Barcelona,no medal,2,1
40529,Cristina Chiuso,26.0,170.0,55.0,ITA,2000,Sydney,no medal,4,2
41100,Helen Chow,18.0,160.0,60.0,MAS,1984,Los Angeles,no medal,1,1
41451,Angelia Chuck,23.0,173.0,66.0,JAM,2004,Athina,no medal,2,2
41550,Chung Th Thanh Lan,18.0,156.0,43.0,VIE,1980,Moskva,no medal,1,1
42218,Barbara Lynne Clark (-Parolin),17.0,168.0,61.0,CAN,1976,Montreal,no medal,1,1
42228,Carmel Frances Clark (-Gardner),19.0,179.0,63.0,NZL,1984,Los Angeles,no medal,1,1
43228,Nicoleta Coica,22.0,172.0,68.0,MDA,2004,Athina,no medal,1,1
43662,Grazia Colombo,19.0,169.0,61.0,ITA,1984,Los Angeles,no medal,1,1
43716,Hayde Coloso Espino,22.0,161.0,57.0,PHI,1960,Roma,no medal,1,1
44345,Wendy Elizabeth Cook-Hogg,15.0,175.0,64.0,CAN,1972,Munich,no medal,2,1
44411,Heather Margaret Coombridge,19.0,173.0,61.75478645066274,NZL,1972,Munich,no medal,1,1
44484,Margaret Joyce Cooper (-Badcock),19.0,169.0,61.75478645066274,GBR,1928,Amsterdam,Bronze,2,1
44487,Margaret Joyce Cooper (-Badcock),23.0,169.0,61.75478645066274,GBR,1932,Los Angeles,no medal,2,2
44558,Eileen Marie Coparropa Alemn,19.0,170.0,70.0,PAN,2000,Sydney,no medal,3,2
44560,Eileen Marie Coparropa Alemn,23.0,170.0,70.0,PAN,2004,Athina,no medal,3,3
44624,Susana Norma Coppo,16.0,165.0,57.0,ARG,1976,Montreal,no medal,1,1
44945,Marie Louise Corridon (-Mortell),18.0,171.32436260623228,61.75478645066274,USA,1948,London,no medal,1,1
45216,Tamara Virgi Costache,18.0,172.0,68.0,ROU,1988,Seoul,no medal,1,1
45404,Natalie Anne Coughlin (-Hall),21.0,173.0,63.0,USA,2004,Athina,Bronze,3,1
45409,Natalie Anne Coughlin (-Hall),25.0,173.0,63.0,USA,2008,Beijing,Bronze,3,2
45538,Piedade Coutinho-Tavares da Silva,16.0,171.32436260623228,61.75478645066274,BRA,1936,Berlin,no medal,3,1
45540,Piedade Coutinho-Tavares da Silva,28.0,171.32436260623228,61.75478645066274,BRA,1948,London,no medal,3,2
45638,Kirsty Leigh Coventry (-Seward),16.0,176.0,64.0,ZIM,2000,Sydney,no medal,5,1
45862,Shelley Katherine Cramer (-Persinger),14.0,162.0,54.0,ISV,1976,Montreal,no medal,3,1
45865,Shelley Katherine Cramer (-Persinger),22.0,162.0,54.0,ISV,1984,Los Angeles,no medal,3,2
45869,Shelley Katherine Cramer (-Persinger),30.0,162.0,54.0,ISV,1992,Barcelona,no medal,3,3
45908,Lorraine Joyce Crapp (-Thurlow),18.0,167.0,61.75478645066274,AUS,1956,Melbourne,Silver,2,1
46126,Annabelle Mary Cripps,20.0,180.0,66.0,GBR,1988,Seoul,no medal,2,2
46265,June Alexandra Croft,17.0,170.0,60.0,GBR,1980,Moskva,no medal,3,1
46269,June Alexandra Croft,21.0,170.0,60.0,GBR,1984,Los Angeles,no medal,3,2
46274,June Alexandra Croft,25.0,170.0,60.0,GBR,1988,Seoul,no medal,3,3
46367,Siobhan Trichelle Cropper,18.0,170.0,62.0,TTO,1996,Atlanta,no medal,2,1
46369,Siobhan Trichelle Cropper,22.0,170.0,62.0,TTO,2000,Sydney,no medal,2,2
46480,Sandra Crousse,18.0,165.0,59.0,PER,1984,Los Angeles,no medal,1,1
47151,Veronica Cummings,15.0,165.0,61.0,GUM,1988,Seoul,no medal,1,1
47367,Ann Elisabeth Curtis (-Cuneo),22.0,171.32436260623228,61.75478645066274,USA,1948,London,Silver,1,1
47402,Daisy Curwen,22.0,171.32436260623228,61.75478645066274,GBR,1912,Stockholm,no medal,1,1
47802,Maria Anglica Leo da Costa,17.0,171.32436260623228,61.75478645066274,BRA,1948,London,no medal,1,1
48189,Monica Anja Dahl (-Bhm),17.0,171.32436260623228,61.75478645066274,NAM,1992,Barcelona,no medal,2,1
48192,Monica Anja Dahl (-Bhm),21.0,171.32436260623228,61.75478645066274,NAM,1996,Atlanta,no medal,2,2
48530,Petra Dallmann,29.0,184.0,69.0,GER,2008,Beijing,no medal,2,2
49201,Eszter Dara,22.0,187.0,67.0,HUN,2012,London,no medal,2,2
49207,Sofia Dara,21.0,174.0,65.0,GRE,1984,Los Angeles,no medal,2,2
49377,Ana Iulia Dascl,13.0,183.0,60.0,ROU,2016,Rio de Janeiro,no medal,1,1
49595,Edna May Davey (-Hamilton),19.292025862068964,171.32436260623228,61.75478645066274,AUS,1928,Amsterdam,no medal,1,1
49786,Elizabeth Valerie Davies (-Latham),20.0,166.0,61.75478645066274,GBR,1932,Los Angeles,no medal,1,1
50498,Inge de Bruijn,27.0,174.0,55.0,NED,2000,Sydney,Gold,3,2
50502,Inge de Bruijn,30.0,174.0,55.0,NED,2004,Athina,Silver,3,3
51203,Evelyn Rose de Lacy (-Whillier),18.0,171.32436260623228,61.75478645066274,AUS,1936,Berlin,no medal,1,1
51613,Daynara Lopes Ferreira de Paula,23.0,163.0,55.0,BRA,2012,London,no medal,3,2
51823,Helena de Moraes Salles,17.0,171.32436260623228,61.75478645066274,BRA,1936,Berlin,no medal,1,1
52041,Mara Rosario de Vivanco Roca,15.0,161.0,52.0,PER,1964,Tokyo,no medal,2,1
52042,Mara Rosario de Vivanco Roca,19.0,161.0,52.0,PER,1968,Mexico City,no medal,2,2
52615,Yvonne Blanche Louise Degraine (-Faucheux-),20.0,171.32436260623228,61.75478645066274,FRA,1920,Antwerpen,no medal,1,1
52743,Inge Dekker,22.0,183.0,67.0,NED,2008,Beijing,no medal,4,2
53356,Jacqueline Delord,18.0,170.0,57.0,FRA,1988,Seoul,no medal,3,1
53696,"Willemijntje ""Willy"" den Ouden (-Broms, -Jager, -Schupper)",14.0,163.0,61.75478645066274,NED,1932,Los Angeles,Silver,2,1
53698,"Willemijntje ""Willy"" den Ouden (-Broms, -Jager, -Schupper)",18.0,163.0,61.75478645066274,NED,1936,Berlin,no medal,2,2
54565,Phyllis Delma Dewar (-Lowery),20.0,171.32436260623228,61.75478645066274,CAN,1936,Berlin,no medal,1,1
54667,Shreya Dhital,17.0,163.0,54.0,NEP,2012,London,no medal,1,1
55408,Karen Dieffenthaler,20.0,162.0,58.0,TTO,1988,Seoul,no medal,1,1
55599,Dominique Lorraine Diezi (-O'Brien),27.0,177.0,69.0,SUI,2004,Athina,no medal,2,2
55919,Ding Jilian,20.0,166.0,60.0,CHN,1984,Los Angeles,no medal,1,1
56573,Luminia Liliana Dobrescu,17.0,180.0,70.0,ROU,1988,Seoul,no medal,3,1
56576,Luminia Liliana Dobrescu,21.0,180.0,70.0,ROU,1992,Barcelona,no medal,3,2
56581,Luminia Liliana Dobrescu,25.0,180.0,70.0,ROU,1996,Atlanta,no medal,3,3
56669,Marguerite Dorothy Dockrell (-Mason),16.0,171.32436260623228,61.75478645066274,IRL,1928,Amsterdam,no medal,1,1
56837,Anna Maree Doig (-Daly),18.0,165.0,61.75478645066274,NZL,1984,Los Angeles,no medal,1,1
57025,Burcu Dolunay,28.0,174.0,63.0,TUR,2012,London,no medal,1,1
58517,Judith Draxler (-Hutter),26.0,180.0,72.0,AUT,1996,Atlanta,no medal,3,1
58519,Judith Draxler (-Hutter),30.0,180.0,72.0,AUT,2000,Sydney,no medal,3,2
58521,Judith Draxler (-Hutter),34.0,180.0,72.0,AUT,2004,Athina,no medal,3,3
58608,"Waltraud ""Wally"" Dressel (-Stolberg)",18.0,171.32436260623228,61.75478645066274,GER,1912,Stockholm,no medal,1,1
58811,Monique Drost,15.0,175.0,71.0,NED,1980,Moskva,no medal,1,1
59040,Enriqueta Corina Duarte Ibarra Garca,19.0,171.32436260623228,61.75478645066274,ARG,1948,London,no medal,1,1
59991,Anne A. Dupire,19.292025862068964,171.32436260623228,61.75478645066274,FRA,1928,Amsterdam,no medal,1,1
60104,"Sarah Frances ""Fanny"" Durack (-Gately)",22.0,171.32436260623228,61.75478645066274,ANZ,1912,Stockholm,Gold,1,1
60855,Maureen Cynthia Eager,15.0,171.32436260623228,61.75478645066274,HKG,1952,Helsinki,no medal,1,1
61309,"Gertrude Caroline ""Trudy"" Ederle",18.0,167.0,64.0,USA,1924,Paris,Bronze,1,1
61383,Susan Stewart Edmondson,16.0,169.0,62.0,GBR,1972,Munich,no medal,2,1
61387,Susan Stewart Edmondson,20.0,169.0,62.0,GBR,1976,Montreal,no medal,2,2
62515,Rola El-Haress,17.0,168.0,57.0,LIB,2000,Sydney,no medal,1,1
62787,Rania Amr El-Wani,14.0,178.0,75.0,EGY,1992,Barcelona,no medal,3,1
62791,Rania Amr El-Wani,18.0,178.0,75.0,EGY,1996,Atlanta,no medal,3,2
62794,Rania Amr El-Wani,22.0,178.0,75.0,EGY,2000,Sydney,no medal,3,3
63083,Helene Elliott,19.0,176.0,63.0,PHI,1968,Mexico City,no medal,1,1
63140,"Kathleen ""Kathy"" Ellis (-Landgraf, -Greer)",17.0,169.0,59.0,USA,1964,Tokyo,Bronze,1,1
63681,"Maria Geertruida ""Zus"" Engelenberg (-Ashbridge-Thomlinson)",19.0,171.32436260623228,61.75478645066274,RSA,1928,Amsterdam,no medal,1,1
64323,Berith Agneta Eriksson,15.0,179.0,67.0,SWE,1980,Moskva,no medal,3,1
64325,Berith Agneta Eriksson,19.0,179.0,67.0,SWE,1984,Los Angeles,no medal,3,2
64482,Maria-Anna Erismann,19.292025862068964,171.32436260623228,61.75478645066274,SUI,1948,London,no medal,1,1
64494,"Irene ""Reni"" Erkens (-Kppers)",18.0,171.32436260623228,61.75478645066274,GER,1928,Amsterdam,no medal,1,1
65551,Fearne Ewart,20.0,171.32436260623228,61.75478645066274,GBR,1956,Melbourne,no medal,1,1
65558,"Hulda Gunhild Axelina ""Gulli"" Ewerlund (-Andersson)",21.0,171.32436260623228,61.75478645066274,SWE,1924,Paris,no medal,1,1
67173,Mareme Faye,25.0,177.0,73.0,SEN,2012,London,no medal,1,1
67179,Jane Fayer,17.0,180.0,67.0,PUR,1976,Montreal,no medal,1,1
68020,Carla Fernandes,14.0,168.0,56.0,ANG,1988,Seoul,no medal,1,1
68384,Carmen Ferracuti,16.0,173.0,52.0,ESA,1968,Mexico City,no medal,1,1
68403,Erika Ferraioli,30.0,180.0,65.0,ITA,2016,Rio de Janeiro,no medal,3,3
68861,Nadia Fezzani,19.292025862068964,131.0,41.0,LBA,1980,Moskva,no medal,1,1
68898,"Nicola ""Nikki"" Fibbens",20.0,173.0,61.0,GBR,1984,Los Angeles,no medal,1,1
69119,Emilia Mnica Figueroa Belhot,15.0,166.0,59.0,URU,1968,Mexico City,no medal,1,1
69162,Solenne Nadge Figus (-Saint Marie),17.0,178.0,59.0,FRA,1996,Atlanta,no medal,3,1
69421,Katarna Filov,23.0,173.0,63.0,SVK,2012,London,no medal,1,1
69898,Alison Rachel Fitch,16.0,176.0,69.0,NZL,1996,Atlanta,no medal,2,1
69902,Alison Rachel Fitch,24.0,176.0,69.0,NZL,2004,Athina,no medal,2,2
70348,Jennie Fletcher (-Hyslop),22.0,171.32436260623228,61.75478645066274,GBR,1912,Stockholm,Bronze,1,1
70737,Catherine Helen Fogarty,17.0,159.0,50.0,ZIM,1988,Seoul,no medal,1,1
71058,Megan Fonteno,19.0,163.0,61.0,ASA,2012,London,no medal,1,1
71433,Ana Josefina Fortin Pineda,16.0,166.0,51.0,HON,1988,Seoul,no medal,2,1
71438,Ana Josefina Fortin Pineda,20.0,166.0,51.0,HON,1992,Barcelona,no medal,2,2
72077,Leanne Francis,15.0,171.0,59.0,AUS,1972,Munich,no medal,1,1
72124,Claudia Mara Franco Solana,17.0,170.0,56.0,ESP,1992,Barcelona,no medal,2,1
72127,Claudia Mara Franco Solana,20.0,170.0,56.0,ESP,1996,Atlanta,no medal,2,2
72307,"Melissa Jeanette ""Missy"" Franklin",17.0,188.0,77.0,USA,2012,London,no medal,2,1
72408,Dawn Lorraine Fraser,19.0,172.0,67.0,AUS,1956,Melbourne,Gold,3,1
72411,Dawn Lorraine Fraser,22.0,172.0,67.0,AUS,1960,Roma,Gold,3,2
72415,Dawn Lorraine Fraser,27.0,172.0,67.0,AUS,1964,Tokyo,Gold,3,3
72655,Eva Malin Ingegerd Fredin,17.0,171.32436260623228,61.75478645066274,SWE,1948,London,no medal,2,1
72658,Eva Malin Ingegerd Fredin,21.0,171.32436260623228,61.75478645066274,SWE,1952,Helsinki,no medal,2,2
72880,Elsa Vicente Freire,14.0,157.0,50.0,ANG,1988,Seoul,no medal,2,1
72884,Elsa Vicente Freire,17.0,157.0,50.0,ANG,1992,Barcelona,no medal,2,2
73489,Hda Frost (-Ducoulombier),20.0,160.0,52.0,FRA,1956,Melbourne,no medal,2,1
73492,Hda Frost (-Ducoulombier),23.0,160.0,52.0,FRA,1960,Roma,no medal,2,2
74231,Karin Margareta Furuhed (-Johansson),21.0,171.0,58.0,SWE,1988,Seoul,no medal,2,2
74259,Tsuneko Furuta,15.0,171.32436260623228,61.75478645066274,JPN,1936,Berlin,no medal,1,1
74711,Marie-Laure Gaillot (-Bonafos),17.0,168.0,61.0,FRA,1960,Roma,no medal,1,1
74891,Daniela Galassi,16.0,165.0,50.0,SMR,1984,Los Angeles,no medal,1,1
75744,Eleanor Agnes Garatti-Saville,18.0,171.32436260623228,61.75478645066274,USA,1928,Amsterdam,Silver,2,1
75746,Eleanor Agnes Garatti-Saville,23.0,171.32436260623228,61.75478645066274,USA,1932,Los Angeles,Bronze,2,2
75903,Celeste Garca,15.0,158.0,60.0,PER,1980,Moskva,no medal,1,1
76007,"Hedvig ""Hedy"" Garca",18.0,160.0,53.0,PHI,1968,Mexico City,no medal,1,1
76273,Vanessa Milagros Garca Vega,20.0,173.0,75.0,PUR,2004,Athina,no medal,4,1
76856,Bryl milie Paulette Gastaldello,21.0,176.0,66.0,FRA,2016,Rio de Janeiro,no medal,1,1
78126,Aleksandra Viktorovna Gerasimenya,22.0,175.0,60.0,BLR,2008,Beijing,no medal,3,1
78128,Aleksandra Viktorovna Gerasimenya,26.0,175.0,60.0,BLR,2012,London,Silver,3,2
78132,Aleksandra Viktorovna Gerasimenya,30.0,175.0,60.0,BLR,2016,Rio de Janeiro,no medal,3,3
78668,Senda Al-Gharbi,21.0,162.0,58.0,TUN,1988,Seoul,no medal,1,1
78690,Faten Ghattas,19.0,170.0,54.0,TUN,1984,Los Angeles,no medal,1,1
79076,Chantal Zita Gibney,19.0,178.0,70.0,IRL,2000,Sydney,no medal,1,1
80624,Yvonne Godard,24.0,171.32436260623228,61.75478645066274,FRA,1932,Los Angeles,no medal,1,1
82636,"Anna ""Anya"" Gostomelsky",23.0,164.0,57.0,ISR,2004,Athina,no medal,2,1
82639,"Anna ""Anya"" Gostomelsky",27.0,164.0,57.0,ISR,2008,Beijing,no medal,2,2
82810,"Shane Elizabeth Gould (-Innis, -Nelms)",15.0,171.0,59.0,AUS,1972,Munich,Bronze,1,1
82915,Nastja Govejek,15.0,170.0,55.0,SLO,2012,London,no medal,1,1
83512,Virginia Grant (-Ridpath),19.292025862068964,171.32436260623228,61.75478645066274,CAN,1956,Melbourne,no medal,1,1
83514,Zilpha Grant (-Wheelton),17.0,171.32436260623228,61.75478645066274,GBR,1936,Berlin,no medal,1,1
83657,Elaine Dorothy Gray,18.0,170.0,56.0,GBR,1976,Montreal,no medal,1,1
84404,Winifred Clare Griffin (-Ashby),24.0,171.32436260623228,61.75478645066274,NZL,1956,Melbourne,no medal,1,1
85099,Catherine Grosjean,21.0,170.0,58.0,FRA,1968,Mexico City,no medal,1,1
85482,"Martina Grunert (-Koch, -Abresch)",15.0,162.0,57.0,GER,1964,Tokyo,no medal,2,1
86022,Irene May Guest (-Loog),19.0,157.0,61.75478645066274,USA,1920,Antwerpen,Silver,1,1
86879,Rebeca Braga Lakiss Gusmo,19.0,178.0,74.0,BRA,2004,Athina,no medal,1,1
86983,Linda Lee Gustavson (-McGuire),18.0,175.0,61.0,USA,1968,Mexico City,Bronze,1,1
87168,"Claire Guttenstein (Frick-, -Gutt)",24.0,171.32436260623228,61.75478645066274,BEL,1912,Stockholm,no medal,1,1
87345,Hrafnhildur Gumundsdttir,21.0,183.0,62.0,ISL,1964,Tokyo,no medal,2,1
87346,Hrafnhildur Gumundsdttir,25.0,183.0,62.0,ISL,1968,Mexico City,no medal,2,2
87483,Valria Gyenge (-Garai),23.0,171.32436260623228,61.75478645066274,HUN,1956,Melbourne,no medal,2,2
87503,Jane Hilda Charlotta Gylling (-Palm),18.0,171.32436260623228,61.75478645066274,SWE,1920,Antwerpen,no medal,2,1
87860,Olga Hachatryan,16.0,163.0,63.0,TKM,2008,Beijing,no medal,1,1
88081,Nevine Hafez,15.0,159.0,60.0,EGY,1984,Los Angeles,no medal,1,1
88083,Sherwite Hafez,17.0,163.0,60.0,EGY,1984,Los Angeles,no medal,1,1
88130,Ann-Christine Hagberg,16.0,162.0,47.0,SWE,1964,Tokyo,no medal,1,1
88402,Nicole Lee Haislett (-Bacher),19.0,172.0,64.0,USA,1992,Barcelona,no medal,1,1
88956,Jeanne Courtney Hallock (-Craig),17.0,173.0,61.0,USA,1964,Tokyo,no medal,1,1
89022,"Francesca Jean ""Fran"" Halsall",18.0,172.0,64.0,GBR,2008,Beijing,no medal,3,1
89028,"Francesca Jean ""Fran"" Halsall",22.0,172.0,64.0,GBR,2012,London,no medal,3,2
89773,Han Xue,18.0,177.0,68.0,CHN,2000,Sydney,no medal,2,2
89778,Han Yeong-Hui,15.0,170.0,51.0,KOR,1988,Seoul,no medal,1,1
90048,Simone Hanner,19.0,163.0,52.0,FRA,1968,Mexico City,no medal,1,1
90473,Ida Maria Hansson,18.0,175.0,60.0,SWE,1976,Montreal,no medal,1,1
90761,Margaret Harding,16.0,173.0,57.0,PUR,1964,Tokyo,no medal,1,1
90822,Jessica Adele Hardy (-Meichtry),25.0,180.0,70.0,USA,2012,London,no medal,1,1
91157,Joan Cynthia Harrison (-Breetzke),16.0,171.32436260623228,61.75478645066274,RSA,1952,Helsinki,no medal,1,1
91220,Vera Harsnyi,16.0,171.32436260623228,61.75478645066274,HUN,1936,Berlin,no medal,1,1
91409,Karen Margrethe Harup (-Petersen),23.0,171.32436260623228,61.75478645066274,DEN,1948,London,no medal,1,1
91453,Lesleigh Anne Harvey (-Mayes),15.0,159.0,56.0,AUS,1976,Montreal,no medal,1,1
91509,Rosa Tatiana Hasbn,16.0,167.0,57.0,ESA,1968,Mexico City,no medal,1,1
92499,Nicole Isau Hayes,16.0,160.0,50.0,PLW,2000,Sydney,no medal,1,1
92789,Carol-Ann Heavey,19.292025862068964,171.32436260623228,61.75478645066274,IRL,1984,Los Angeles,no medal,1,1
93010,"Frederike Johanna Maria ""Femke"" Heemskerk",24.0,180.0,68.0,NED,2012,London,no medal,3,2
93013,"Frederike Johanna Maria ""Femke"" Heemskerk",28.0,180.0,68.0,NED,2016,Rio de Janeiro,no medal,3,3
93245,Irma Heijting-Schuhmacher,23.0,171.32436260623228,61.75478645066274,NED,1948,London,no medal,2,1
93247,Irma Heijting-Schuhmacher,27.0,171.32436260623228,61.75478645066274,NED,1952,Helsinki,no medal,2,2
93472,Lara Heinz,19.0,174.0,66.0,LUX,2000,Sydney,no medal,2,1
93474,Lara Heinz,23.0,174.0,66.0,LUX,2004,Athina,no medal,2,2
93775,"Ingegrd Anita Hellstrm (-Stockwell, -Meredith)",16.0,171.32436260623228,61.75478645066274,SWE,1956,Melbourne,no medal,1,1
93831,Brenda Mersereau Helser (-de Morelos),24.0,171.32436260623228,61.75478645066274,USA,1948,London,no medal,1,1
94137,Jan Margo Henne (-Hawkins),21.0,170.0,64.0,USA,1968,Mexico City,Gold,1,1
94345,Jodie Clare Henry,20.0,176.0,63.0,AUS,2004,Athina,Gold,1,1
95818,Allison Ann Higson (-Cavanaugh),19.0,180.0,70.0,CAN,1992,Barcelona,no medal,2,2
96238,Margery Hinton,21.0,168.0,61.75478645066274,GBR,1936,Berlin,no medal,3,3
96599,Ilona Hlavkov,23.0,180.0,75.0,CZE,2000,Sydney,no medal,2,1
97248,Frances M. Hogben,19.0,171.32436260623228,61.75478645066274,GBR,1956,Melbourne,no medal,1,1
97284,Nancy Lynn Hogshead (-Makar),22.0,172.0,66.0,USA,1984,Los Angeles,Gold,1,1
97944,Eileen Hannah Holt Vogt,19.292025862068964,171.32436260623228,61.75478645066274,ARG,1948,London,no medal,1,1
98835,Claire Horrent,19.292025862068964,171.32436260623228,61.75478645066274,FRA,1928,Amsterdam,no medal,1,1
99396,Jade Ashleigh Howard,17.0,182.0,68.0,ZAM,2012,London,no medal,2,1
99397,Jade Ashleigh Howard,21.0,182.0,68.0,ZAM,2016,Rio de Janeiro,no medal,2,2
99908,Hsu Yue-Yun,14.0,164.0,54.0,TPE,1972,Munich,no medal,1,1
100475,Marianela Huen,16.0,165.0,60.0,VEN,1976,Montreal,no medal,1,1
100594,Edna Tildesley Hughes (-Redwood),15.0,160.0,61.75478645066274,GBR,1932,Los Angeles,no medal,2,1
100902,"Cee Kay ""Celeste"" Hung",16.0,168.0,59.0,HKG,1988,Seoul,no medal,1,1
101552,Ragnhild Tove Hveger (-Andersen),15.0,171.32436260623228,61.75478645066274,DEN,1936,Berlin,no medal,2,1
101555,Ragnhild Tove Hveger (-Andersen),31.0,171.32436260623228,61.75478645066274,DEN,1952,Helsinki,no medal,2,2
101851,Liliana Ibez Lpez,21.0,180.0,70.0,MEX,2012,London,no medal,2,1
102361,Rikako Ikee,16.0,170.0,56.0,JPN,2016,Rio de Janeiro,no medal,1,1
102404,Joshua Ikhaghomi,17.0,171.32436260623228,61.75478645066274,NGR,1992,Barcelona,no medal,1,1
102677,Im Geum-Ja,17.0,161.0,56.0,KOR,1964,Tokyo,no medal,1,1
102947,Larissa Inangorore,20.0,160.0,62.0,BDI,2004,Athina,no medal,1,1
103622,Sara Isakovi,16.0,173.0,60.0,SLO,2004,Athina,no medal,3,1
104653,Margaret Iwasaki,18.0,159.0,54.0,CAN,1960,Roma,no medal,1,1
104719,Katerina Izmaylova,23.0,170.0,57.0,TJK,2000,Sydney,no medal,3,1
104881,Alexandra Elizabeth Jackson,16.0,175.0,69.0,GBR,1968,Mexico City,no medal,1,1
105024,Christine Sotto Jacob (-Sandejas),17.0,166.0,50.0,PHI,1984,Los Angeles,no medal,1,1
105050,Gisela Jacob-Arendt,17.0,171.32436260623228,61.75478645066274,GER,1936,Berlin,Bronze,2,1
105143,Mette Jacobsen,23.0,172.0,61.0,DEN,1996,Atlanta,no medal,5,3
105343,Ulla Birgitta Elisabeth Jfvert (-Fahln),18.0,170.0,60.0,SWE,1964,Tokyo,no medal,1,1
105997,Jang Hui-Jin,14.0,171.0,60.0,KOR,2000,Sydney,no medal,2,1
106000,Jang Hui-Jin,21.0,171.0,60.0,KOR,2008,Beijing,no medal,2,2
106290,"Katharine ""Kati"" Jansen",22.0,171.32436260623228,61.75478645066274,GER,1956,Melbourne,no medal,2,2
106466,Ginette Jany-Sendral,16.0,171.32436260623228,61.75478645066274,FRA,1948,London,no medal,3,1
106471,Ginette Jany-Sendral,24.0,171.32436260623228,61.75478645066274,FRA,1956,Melbourne,no medal,3,3
106560,Anne Elizabeth Jardin (-Alexander),16.0,179.0,77.0,CAN,1976,Montreal,no medal,1,1
106685,Tyyne Maria Jrvi (-Sjblad),21.0,171.32436260623228,61.75478645066274,FIN,1912,Stockholm,no medal,1,1
106713,"Ritva Kaarina Jrvinen (-Ritvas, -Jaakola)",19.0,170.0,64.0,FIN,1952,Helsinki,no medal,1,1
107089,"Constance Mabel ""Connie"" Jeans",20.0,171.32436260623228,61.75478645066274,GBR,1920,Antwerpen,no medal,2,1
107092,"Constance Mabel ""Connie"" Jeans",24.0,171.32436260623228,61.75478645066274,GBR,1924,Paris,no medal,2,2
107201,Toni Maree Jeffs (-Evans),23.0,175.0,61.75478645066274,NZL,1992,Barcelona,no medal,1,1
107571,Gitta Poulsgaard Jensen,16.0,183.0,68.0,DEN,1988,Seoul,no medal,2,1
107575,Gitta Poulsgaard Jensen,20.0,183.0,68.0,DEN,1992,Barcelona,no medal,2,2
107747,Lene Jenssen (-Holmertz),19.0,178.0,62.0,NOR,1976,Montreal,no medal,1,1
108591,Hitomi Jinno,19.0,161.0,55.0,JPN,1956,Melbourne,no medal,2,1
108593,Hitomi Jinno,23.0,161.0,55.0,JPN,1960,Roma,no medal,2,2
108828,Kate Margareth Jobson (-Davis),19.0,171.32436260623228,61.75478645066274,SWE,1956,Melbourne,no medal,1,1
109048,Vibeke Lambersy Johansen,17.0,172.0,60.0,NOR,1996,Atlanta,no medal,1,1
109125,"Anna Teresa Margareta ""Greta"" Johansson (-Brandsten)",17.0,171.32436260623228,61.75478645066274,SWE,1912,Stockholm,no medal,1,1
109374,Louise Jhncke (-Tjrnqvist),24.0,175.0,70.0,SWE,2000,Sydney,no medal,2,2
109766,Sonja Sofia Valfrida Johnsson (-Dymling),16.0,171.32436260623228,61.75478645066274,SWE,1912,Stockholm,no medal,1,1
110841,Kara Lynn Joyce,18.0,183.0,70.0,USA,2004,Athina,no medal,3,1
111223,Bayan Jumah,18.0,182.0,76.0,SYR,2012,London,no medal,2,1
111237,Rossana Juncos,18.0,154.0,55.0,ARG,1976,Montreal,no medal,1,1
112742,Sophie Kamoun,17.0,173.0,55.0,FRA,1984,Los Angeles,no medal,1,1
112763,Berber Kamstra,16.0,175.0,66.0,NED,1976,Montreal,no medal,1,1
113574,Maria Kardum,16.0,167.0,54.0,SWE,1984,Los Angeles,no medal,1,1
113611,Regina Kari (-Harjula),19.0,171.32436260623228,61.75478645066274,FIN,1912,Stockholm,no medal,1,1
114885,Shigeko Kawanishi,19.0,171.0,66.0,JPN,1968,Mexico City,no medal,2,1
114887,Shigeko Kawanishi,23.0,171.0,66.0,JPN,1972,Munich,no medal,2,2
115222,"Alexandra ""Sandra"" Keen",17.0,170.0,70.0,GBR,1964,Tokyo,no medal,1,1
115344,Tracy Keith-Matchitt,26.0,167.0,60.0,COK,2016,Rio de Janeiro,no medal,1,1
115561,Josefa Kellner,21.0,171.32436260623228,61.75478645066274,AUT,1912,Stockholm,no medal,1,1
115566,Fiona Jean Kellock,19.0,168.0,54.0,GBR,1968,Mexico City,no medal,1,1
115737,"Jennifer Jo ""Jenny"" Kempf",17.0,175.0,66.0,USA,1972,Munich,no medal,1,1
115941,Helen Louise Kennedy,15.0,169.0,61.0,CAN,1964,Tokyo,no medal,1,1
116217,Jane Louise Kerr (-Thompson),16.0,176.0,63.0,CAN,1984,Los Angeles,no medal,2,1
116220,Jane Louise Kerr (-Thompson),20.0,176.0,63.0,CAN,1988,Seoul,no medal,2,2
116710,Nancy Khalaf,14.0,164.0,56.0,LIB,1988,Seoul,no medal,1,1
117465,Natasha Khristova,18.0,165.0,60.0,BUL,1988,Seoul,no medal,1,1
117639,Yekaterina Kibalo,18.0,170.0,61.0,RUS,2000,Sydney,no medal,1,1
118335,Kim Eun-Jeong,15.0,157.0,51.0,KOR,1988,Seoul,no medal,1,1
118705,Kim Jin-Suk,15.0,165.0,48.0,KOR,1984,Los Angeles,no medal,1,1
119353,Toyoko Kimura,18.0,166.0,66.0,JPN,1964,Tokyo,no medal,1,1
121337,Birgit Klomp (-Osselmann),16.0,171.32436260623228,61.75478645066274,GER,1956,Melbourne,no medal,1,1
121972,Miwako Kobayashi,16.0,155.0,55.0,JPN,1968,Mexico City,no medal,1,1
122173,"Adelheid ""Heidi"" Koch",18.0,169.0,57.0,AUT,1980,Moskva,no medal,1,1
122291,Vera Minna Chantelle Kock,16.0,168.0,52.0,SWE,1968,Mexico City,no medal,1,1
122644,Patricia Kohlmann Hackl,15.0,177.0,59.0,MEX,1984,Los Angeles,no medal,2,1
122649,Patricia Kohlmann Hackl,20.0,177.0,59.0,MEX,1988,Seoul,no medal,2,2
122733,Ritva Anja Marika Koivula (-Miinin),19.0,158.0,59.0,FIN,1952,Helsinki,no medal,1,1
122767,Kazue Kojima,15.0,171.32436260623228,61.75478645066274,JPN,1932,Los Angeles,no medal,2,1
122769,Kazue Kojima,19.0,171.32436260623228,61.75478645066274,JPN,1936,Berlin,no medal,2,2
123293,Jana Kolukanova,23.0,182.0,67.0,EST,2004,Athina,no medal,2,2
123814,"Ilze ""Ilsa"" Konrads",16.0,172.0,68.0,AUS,1960,Roma,no medal,1,1
124215,Agata Ewa Korc,22.0,175.0,58.0,POL,2008,Beijing,no medal,1,1
124693,Birgit Koschischek,21.0,169.0,60.0,AUT,2008,Beijing,no medal,3,1
125049,Eleni Kosti,22.0,175.0,61.0,GRE,2008,Beijing,no medal,2,2
125467,Gloria Koussihouede,17.0,164.0,54.0,BEN,2004,Athina,no medal,2,1
125595,Edit Kovcs,17.0,164.0,54.0,HUN,1968,Mexico City,no medal,5,1
125598,Edit Kovcs,21.0,164.0,54.0,HUN,1972,Munich,no medal,5,2
126879,Mitzi Patricia Kremer (-Tighe),20.0,178.0,68.0,USA,1988,Seoul,no medal,1,1
127016,Marianne Kriel,20.0,171.32436260623228,61.75478645066274,RSA,1992,Barcelona,no medal,2,1
127458,Ranomi Kromowidjojo,21.0,180.0,72.0,NED,2012,London,Gold,3,2
127462,Ranomi Kromowidjojo,25.0,180.0,72.0,NED,2016,Rio de Janeiro,no medal,3,3
130234,Kristna Kynrov,17.0,175.0,60.0,CZE,1996,Atlanta,no medal,2,1
130575,Ethel Minnie Lackie (-Watkins),17.0,171.32436260623228,61.75478645066274,USA,1924,Paris,Gold,1,1
130669,Jrat Ladaviit,15.0,176.0,62.0,LTU,2000,Sydney,no medal,1,1
130673,"Cornelia ""Corrie"" Ladd (-Voogd, -Bakhuizen)",16.0,175.0,61.75478645066274,NED,1932,Los Angeles,no medal,1,1
131151,"Susanne E. ""Susan"" Laird (-Scavey)",19.0,171.32436260623228,61.75478645066274,USA,1928,Amsterdam,no medal,1,1
131237,Gyngyvr Lakos,23.0,173.0,58.0,HUN,2000,Sydney,no medal,2,2
131301,Ann Lallande,15.0,165.0,52.0,PUR,1964,Tokyo,no medal,1,1
131668,Robyn Lamsam,14.0,171.32436260623228,61.75478645066274,HKG,1992,Barcelona,no medal,1,1
132082,Mary Ada Langford,17.0,171.32436260623228,61.75478645066274,GBR,1912,Stockholm,no medal,1,1
132390,Bernice Ruth Lapp (-Squier),18.0,171.32436260623228,61.75478645066274,USA,1936,Berlin,no medal,1,1
132491,Mara Antonia Lardizbal (-Krogh),16.0,171.32436260623228,61.75478645066274,HON,1984,Los Angeles,no medal,1,1
132897,Anna Karin Larsson (-Ahlstrm),18.0,170.0,64.0,SWE,1960,Roma,no medal,2,2
133805,Marion Beverly Lay,15.0,168.0,61.0,CAN,1964,Tokyo,no medal,2,1
133808,Marion Beverly Lay,19.0,168.0,61.0,CAN,1968,Mexico City,no medal,2,2
134006,Le Jingyi,17.0,178.0,68.0,CHN,1992,Barcelona,no medal,2,1
134010,Le Jingyi,21.0,178.0,68.0,CHN,1996,Atlanta,Gold,2,2
134091,Drue Evelyn Le Guier (-Thomas),17.0,169.0,69.0,AUS,1976,Montreal,no medal,1,1
134410,Ernestine Lebrun,19.292025862068964,171.32436260623228,61.75478645066274,FRA,1920,Antwerpen,no medal,2,1
134412,Ernestine Lebrun,19.292025862068964,171.32436260623228,61.75478645066274,FRA,1924,Paris,no medal,2,2
134495,Corinne Leclair,22.0,171.32436260623228,61.75478645066274,MRI,1992,Barcelona,no medal,1,1
134670,Marguerite M. Ledoux,19.292025862068964,171.32436260623228,61.75478645066274,FRA,1928,Amsterdam,no medal,1,1
134705,Lee Bo-Eun,19.0,172.0,61.0,KOR,1996,Atlanta,no medal,2,1
135587,Nathalie Lee Baw,15.0,150.0,55.0,MRI,2000,Sydney,no medal,1,1
135599,Faith Yvonne Leech (-Touhy),15.0,178.0,61.75478645066274,AUS,1956,Melbourne,Bronze,1,1
135894,"Charlotte Emma ""Lotte"" Lehmann (-Sprssig)",21.0,171.32436260623228,61.75478645066274,GER,1928,Amsterdam,no medal,1,1
136567,Tatiana Martine Lemos de Lima Barbosa,29.0,168.0,63.0,BRA,2008,Beijing,no medal,2,2
136660,Maria Emma Hulda Lenk Zigler,17.0,168.0,61.75478645066274,BRA,1932,Los Angeles,no medal,2,1
136666,"Magdolna ""Magda"" Lenkei (-Linzer)",19.0,171.32436260623228,61.75478645066274,HUN,1936,Berlin,no medal,1,1
136711,"Lisbeth Constance ""Libby"" Lenton-Trickett",19.0,167.0,60.0,AUS,2004,Athina,no medal,3,1
136714,"Lisbeth Constance ""Libby"" Lenton-Trickett",23.0,167.0,60.0,AUS,2008,Beijing,Silver,3,2
139060,Ann-Charlotte Gun Lilja (-La Monica),18.0,171.0,54.0,SWE,1964,Tokyo,no medal,1,1
139095,Anna Josefin Lillhage (-stblom),24.0,177.0,65.0,SWE,2004,Athina,no medal,4,3
139099,Anna Josefin Lillhage (-stblom),28.0,177.0,65.0,SWE,2008,Beijing,no medal,4,4
140159,Marie-Louise Jean Josphine Linssen-Vaessen,20.0,171.32436260623228,61.75478645066274,NED,1948,London,Bronze,2,1
140167,Marjorie Edith Linton (-McCloskey),15.0,171.32436260623228,61.75478645066274,CAN,1932,Los Angeles,no medal,1,1
140497,Mria Littomeritzky (-Bognr),21.0,171.32436260623228,61.75478645066274,HUN,1948,London,no medal,3,1
141018,Anita Carina Ljungdahl (-Algotsson),20.0,170.0,57.0,SWE,1980,Moskva,no medal,1,1
141682,"Magdalena Maria ""Leni"" Lohmar (-Henze)",21.0,171.32436260623228,61.75478645066274,GER,1936,Berlin,no medal,1,1
141744,Olga Loizou,18.0,164.0,54.0,CYP,1980,Moskva,no medal,1,1
142786,Lou Yaping,17.0,167.0,57.0,CHN,1988,Seoul,no medal,1,1
143031,Nataliya Vladimirovna Lovtsova,28.0,177.0,70.0,RUS,2016,Rio de Janeiro,no medal,2,2
143141,Gertrudes Lozada,19.292025862068964,171.32436260623228,61.75478645066274,PHI,1956,Melbourne,no medal,1,1
143863,Sabrina Lum,17.0,168.0,58.0,TPE,1988,Seoul,no medal,1,1
144080,Karin Lundgren (-Heijkenskild),17.0,171.32436260623228,61.75478645066274,SWE,1912,Stockholm,no medal,1,1
144124,Ingrid Marianne Lundquist (-Grane),17.0,171.32436260623228,61.75478645066274,SWE,1948,London,no medal,2,1
144126,Ingrid Marianne Lundquist (-Grane),20.0,171.32436260623228,61.75478645066274,SWE,1952,Helsinki,no medal,2,2
144988,Jenny Genoveva Maakal (-Thomas),18.0,171.32436260623228,61.75478645066274,RSA,1932,Los Angeles,no medal,1,1
145514,"Ethel Ellen ""Kitty"" Mackay (-Hodgson)",21.0,182.0,61.75478645066274,AUS,1936,Berlin,no medal,1,1
145794,Csilla Madarsz-Dobay (Bajnogel-),17.0,169.0,65.0,HUN,1960,Roma,no medal,2,1
145797,Csilla Madarsz-Dobay (Bajnogel-),21.0,169.0,65.0,HUN,1964,Tokyo,no medal,2,2
145900,Helene Emma Madison,19.0,171.32436260623228,61.75478645066274,USA,1932,Los Angeles,Gold,1,1
147135,"Antonia ""Tonia"" Makhaira",25.0,180.0,65.0,GRE,1996,Atlanta,no medal,2,1
147139,"Antonia ""Tonia"" Makhaira",29.0,180.0,65.0,GRE,2000,Sydney,no medal,2,2
148180,Claude Mandonnaud,18.0,167.0,60.0,FRA,1968,Mexico City,no medal,2,1
148183,Claude Mandonnaud,22.0,167.0,60.0,FRA,1972,Munich,no medal,2,2
148466,Shelley Isabel Mann,19.0,172.0,61.0,USA,1956,Melbourne,no medal,1,1
148817,Simone Ashley Manuel,20.0,178.0,73.0,USA,2016,Rio de Janeiro,Gold,1,1
149188,Ana Rosa Marcial,15.0,154.0,48.0,PUR,1968,Mexico City,no medal,1,1
149306,Yusra Mardini,18.0,157.0,53.0,ROT,2016,Rio de Janeiro,no medal,1,1
150452,Pia Carina Mrtensson (-Kruners),17.0,177.0,64.0,SWE,1976,Montreal,no medal,1,1
150790,Leah Simone Martindale (-Stancil),18.0,181.0,76.0,BAR,1996,Atlanta,no medal,2,1
150792,Leah Simone Martindale (-Stancil),22.0,181.0,76.0,BAR,2000,Sydney,no medal,2,2
151164,"Angelina L. ""Angel"" Martino (Myers-, -Sims)",29.0,165.0,68.0,USA,1996,Atlanta,Bronze,2,2
151535,Natalia Ms Masdefiol,16.0,168.0,58.0,ESP,1980,Moskva,no medal,1,1
151968,"Hendrika Wilhelmina ""Rie"" Mastenbroek (-Kuiper, -de Wit)",17.0,171.32436260623228,61.75478645066274,NED,1936,Berlin,Gold,1,1
152238,Grethe Mathiesen (-Thor),16.0,171.0,58.0,NOR,1972,Munich,no medal,1,1
152713,Hatsuho Matsuzawa,17.0,171.32436260623228,61.75478645066274,JPN,1932,Los Angeles,no medal,1,1
153097,Carolina Mauri Carabaguias,18.0,164.0,59.0,CRC,1988,Seoul,no medal,1,1
154363,Jean Hunter McDowall (-Burnett),19.0,171.32436260623228,61.75478645066274,GBR,1928,Amsterdam,no medal,1,1
154374,Linda Dawn McEachrane,20.0,168.0,61.0,TTO,2004,Athina,no medal,1,1
154698,Mary Olive McKean (-Mucha),20.0,171.32436260623228,61.75478645066274,USA,1936,Berlin,no medal,1,1
154775,"Grace McKenzie (-Nelson, -Morgan)",16.0,171.32436260623228,61.75478645066274,GBR,1920,Antwerpen,no medal,2,1
154907,Josephine Eveline McKim (-Chalmers),22.0,171.32436260623228,61.75478645066274,USA,1932,Los Angeles,no medal,2,2
155183,"Kathleen Mavis ""Kay"" McNamee (-Ferguson, -Neale)",17.0,171.32436260623228,61.75478645066274,CAN,1948,London,no medal,2,1
155186,"Kathleen Mavis ""Kay"" McNamee (-Ferguson, -Neale)",21.0,171.32436260623228,61.75478645066274,CAN,1952,Helsinki,no medal,2,2
155264,Marjorie Anne McQuade (-Bennett),14.0,171.32436260623228,61.75478645066274,AUS,1948,London,no medal,2,1
155265,Marjorie Anne McQuade (-Bennett),17.0,171.32436260623228,61.75478645066274,AUS,1952,Helsinki,no medal,2,2
155373,"Philomena Alecia ""Bonnie"" Mealing (-Johnston)",15.0,160.0,61.75478645066274,AUS,1928,Amsterdam,no medal,2,1
155457,Etiene Pires de Medeiros,25.0,169.0,60.0,BRA,2016,Rio de Janeiro,no medal,1,1
155889,Rta Meilutyt,15.0,176.0,75.0,LTU,2012,London,no medal,2,1
157089,Nikol Merizaj,17.0,180.0,65.0,ALB,2016,Rio de Janeiro,no medal,1,1
157373,Nataliya Alekseyevna Meshcheryakova,24.0,186.0,68.0,RUS,1996,Atlanta,no medal,2,2
157577,Malia Metella,22.0,175.0,67.0,FRA,2004,Athina,no medal,2,1
157582,Malia Metella,26.0,175.0,67.0,FRA,2008,Beijing,no medal,2,2
157890,Julie-Marie Meynen,18.0,170.0,65.0,LUX,2016,Rio de Janeiro,no medal,1,1
158895,Klara Milch (-Durst),20.0,171.32436260623228,61.75478645066274,AUT,1912,Stockholm,no medal,1,1
159201,"Nora Kathleen ""Kay"" Miller (-McFarlane)",19.0,171.32436260623228,61.75478645066274,NZL,1928,Amsterdam,no medal,1,1
159601,Sumika Minamoto,17.0,168.0,64.0,JPN,1996,Atlanta,no medal,2,1
159604,Sumika Minamoto,21.0,168.0,64.0,JPN,2000,Sydney,no medal,2,2
160539,Shizue Miyabe,13.0,159.0,60.0,JPN,1952,Helsinki,no medal,2,1
160696,Myriam Zoulaikha Mizouni Cherni,17.0,170.0,50.0,TUN,1976,Montreal,no medal,1,1
161386,Kristina Moir,17.0,170.0,59.0,PUR,1968,Mexico City,no medal,1,1
162118,Franoise Monod,13.0,160.0,47.0,SUI,1972,Munich,no medal,1,1
162536,Teresa Moodie,17.0,171.32436260623228,61.75478645066274,ZIM,1996,Atlanta,no medal,1,1
162603,Isabella Mary Moore (-Cameron),17.0,171.32436260623228,61.75478645066274,GBR,1912,Stockholm,no medal,1,1
162825,Blanca Jeanette Morales Macella,14.0,173.0,57.0,GUA,1984,Los Angeles,no medal,3,1
162853,Ileana Morales,15.0,166.0,60.0,VEN,1972,Munich,no medal,1,1
163005,Martina Moravcov,20.0,172.0,60.0,SVK,1996,Atlanta,no medal,5,2
163010,Martina Moravcov,24.0,172.0,60.0,SVK,2000,Sydney,no medal,5,3
163014,Martina Moravcov,28.0,172.0,60.0,SVK,2004,Athina,no medal,5,4
163018,Martina Moravcov,32.0,172.0,60.0,SVK,2008,Beijing,no medal,5,5
163274,Katerine Moreno de Quintanilla,14.0,182.0,71.0,BOL,1988,Seoul,no medal,4,1
163729,Erica Rachelle Morningstar,19.0,178.0,64.0,CAN,2008,Beijing,no medal,2,1
164206,Magdalena Ruth Alex Moshi,21.0,169.0,65.0,TAN,2012,London,no medal,3,2
165158,Mildred Muis,23.0,185.0,74.0,NED,1992,Barcelona,no medal,2,2
165219,Olha Mukomol,21.0,180.0,66.0,UKR,2000,Sydney,no medal,2,1
165222,Olha Mukomol,25.0,180.0,66.0,UKR,2004,Athina,no medal,2,2
165331,Irene Emma Mullen (-Warnick),18.0,171.32436260623228,61.75478645066274,CAN,1932,Los Angeles,no medal,1,1
165397,"Karina Helena ""Heleen"" Muller",18.0,172.0,72.0,RSA,1996,Atlanta,no medal,2,1
165401,"Karina Helena ""Heleen"" Muller",22.0,172.0,72.0,RSA,2000,Sydney,no medal,2,2
165755,Cina Munch,17.0,175.0,70.0,FIJ,1988,Seoul,no medal,1,1
166231,"Andrea ""Andi"" Murez",24.0,184.0,77.0,ISR,2016,Rio de Janeiro,no medal,1,1
166736,gnes Mutina,16.0,170.0,61.0,HUN,2004,Athina,no medal,3,1
166881,Jeanette Evelyn Myburgh,16.0,171.32436260623228,61.75478645066274,RSA,1956,Melbourne,no medal,1,1
166883,Natalie Anne Myburgh (-Gillespie),16.0,171.32436260623228,61.75478645066274,RSA,1956,Melbourne,no medal,1,1
167083,Jana Mykov-Kluskov,26.0,189.0,68.0,CZE,2004,Athina,no medal,2,1
167086,Jana Mykov-Kluskov,30.0,189.0,68.0,CZE,2008,Beijing,no medal,2,2
167289,Zsuzsa Ndor (-Halter),20.0,171.32436260623228,61.75478645066274,HUN,1948,London,no medal,1,1
167338,Tomoko Nagai,23.0,166.0,55.0,JPN,2004,Athina,no medal,1,1
167678,Miroslava Najdanovski,20.0,183.0,65.0,SRB,2008,Beijing,no medal,3,2
167680,Miroslava Najdanovski,24.0,183.0,65.0,SRB,2012,London,no medal,3,3
167761,Chikako Nakamori,17.0,165.0,55.0,JPN,1984,Los Angeles,no medal,2,1
167863,Ayako Nakano,15.0,170.0,57.0,JPN,1988,Seoul,no medal,2,1
167866,Ayako Nakano,19.0,170.0,57.0,JPN,1992,Barcelona,no medal,2,2
168237,Maria Livia Nardi,17.0,171.32436260623228,61.75478645066274,ITA,1952,Helsinki,no medal,1,1
168344,Barbara Nash,19.292025862068964,171.32436260623228,61.75478645066274,RSA,1920,Antwerpen,no medal,1,1
168848,Dolly Rustom Nazir,19.292025862068964,171.32436260623228,61.75478645066274,IND,1952,Helsinki,no medal,1,1
169339,"Sandra Lynn ""Sandy"" Neilson (-Bell)",16.0,173.0,63.0,USA,1972,Munich,Gold,1,1
170410,"Gar Loc ""Fenella"" Ng",16.0,168.0,62.0,HKG,1984,Los Angeles,no medal,3,1
170415,"Gar Loc ""Fenella"" Ng",20.0,168.0,62.0,HKG,1988,Seoul,no medal,3,2
170566,Nguyn Minh Tam,18.0,168.0,56.0,VNM,1968,Mexico City,no medal,1,1
170665,Nery Mantey Niangkouara,21.0,177.0,64.0,GRE,2004,Athina,no medal,2,1
170668,Nery Mantey Niangkouara,29.0,177.0,64.0,GRE,2012,London,no medal,2,2
170718,Laura Nicholls,21.0,183.0,72.0,CAN,2000,Sydney,no medal,2,2
170992,Nieh Pin-Chieh,20.0,165.0,61.0,TPE,2008,Beijing,no medal,2,2
171160,Mette Nrskov Nielsen,17.0,171.32436260623228,61.75478645066274,DEN,1992,Barcelona,no medal,2,1
171190,Patricia Eleanor K. Nielsen,18.0,171.32436260623228,61.75478645066274,GBR,1948,London,no medal,1,1
171742,Mariya Nikolova,17.0,165.0,59.0,BUL,1968,Mexico City,no medal,1,1
171895,Carin Maria Nilsson (-Lommerin),15.0,171.32436260623228,61.75478645066274,SWE,1920,Antwerpen,no medal,1,1
172565,Ana Sofia Nbrega,25.0,174.0,70.0,ANG,2016,Rio de Janeiro,no medal,1,1
173018,Aagot Norman,19.0,171.32436260623228,61.75478645066274,NOR,1912,Stockholm,no medal,1,1
173100,Margaret Evelyn Rhoda Northrop,22.0,171.32436260623228,61.75478645066274,KEN,1956,Melbourne,no medal,1,1
173122,Denise Norton (-Wangel),18.0,171.32436260623228,61.75478645066274,AUS,1952,Helsinki,no medal,1,1
173312,Ilona Novk (-Popper),27.0,171.32436260623228,61.75478645066274,HUN,1952,Helsinki,no medal,2,2
173518,Nora Novotny,21.0,163.0,56.0,AUT,1960,Roma,no medal,1,1
173779,Andrea Nugent,19.0,172.0,65.0,CAN,1988,Seoul,no medal,2,1
173784,Andrea Nugent,23.0,172.0,65.0,CAN,1992,Barcelona,no medal,2,2
174114,Eva Karin Nyberg,19.0,165.0,56.0,SWE,1988,Seoul,no medal,2,1
174117,Eva Karin Nyberg,23.0,165.0,56.0,SWE,1992,Barcelona,no medal,2,2
174247,Anna Nyri,15.0,174.0,52.0,HUN,1996,Atlanta,no medal,1,1
174331,Lacey Pearl Nymeyer (-John),22.0,175.0,66.0,USA,2008,Beijing,no medal,1,1
175219,Oei Liana,15.0,160.0,57.0,TPE,1968,Mexico City,no medal,1,1
176147,Brynds lafsdttir,19.0,177.0,65.0,ISL,1988,Seoul,no medal,1,1
176193,Patricia Olano Olano,18.0,171.0,58.0,COL,1968,Mexico City,no medal,1,1
176301,"Penelope ""Penny"" Oleksiak",16.0,185.0,68.0,CAN,2016,Rio de Janeiro,Gold,1,1
176448,Larissa Martins de Oliveira,23.0,169.0,57.0,BRA,2016,Rio de Janeiro,no medal,1,1
176679,Linda Susanne Olofsson (-Andersson),23.0,177.0,63.0,SWE,1996,Atlanta,no medal,2,2
176708,Agnete Olsen (-Granholm),14.0,171.32436260623228,61.75478645066274,DEN,1924,Paris,no medal,2,1
176710,Agnete Olsen (-Granholm),18.0,171.32436260623228,61.75478645066274,DEN,1928,Amsterdam,no medal,2,2
176927,Gunhild Diana Olsson (-Sundin),18.0,171.0,59.0,SWE,1976,Montreal,no medal,2,2
177252,"Susan ""Susie"" O'Neill",18.0,171.0,63.0,AUS,1992,Barcelona,no medal,3,1
177264,"Susan ""Susie"" O'Neill",27.0,171.0,63.0,AUS,2000,Sydney,no medal,3,3
177348,"Chui Bin ""Mylene"" Ong",21.0,169.0,55.0,SGP,2012,London,no medal,1,1
177869,Zsuzsa rdg (-Zimsen),16.0,171.32436260623228,61.75478645066274,HUN,1956,Melbourne,no medal,1,1
178281,Vivian Ortz,19.0,159.0,60.0,MEX,1968,Mexico City,no medal,1,1
178604,Albina Lucy Charlotte Osipowich (-Van Aken),17.0,171.32436260623228,61.75478645066274,USA,1928,Amsterdam,Gold,1,1
178648,Georgina Osorio,17.0,173.0,60.0,PAN,1976,Montreal,no medal,1,1
178847,Simone Osygus (-Brune),23.0,180.0,65.0,GER,1992,Barcelona,no medal,2,1
179096,Jeanette Ottesen Gray,16.0,178.0,70.0,DEN,2004,Athina,no medal,4,1
179099,Jeanette Ottesen Gray,20.0,178.0,70.0,DEN,2008,Beijing,no medal,4,2
179102,Jeanette Ottesen Gray,24.0,178.0,70.0,DEN,2012,London,no medal,4,3
179107,Jeanette Ottesen Gray,28.0,178.0,70.0,DEN,2016,Rio de Janeiro,no medal,4,4
179159,Louise Otto (-Sander),15.0,171.32436260623228,61.75478645066274,GER,1912,Stockholm,no medal,1,1
179748,Agnese Ozolia,20.0,176.0,69.0,LAT,2000,Sydney,no medal,3,2
179749,Agnese Ozolia,24.0,176.0,69.0,LAT,2004,Athina,no medal,3,3
179935,Maria Cristina Pacifici,15.0,167.0,62.0,ITA,1960,Roma,no medal,2,1
181131,Pang Jiaying,23.0,178.0,64.0,CHN,2008,Beijing,no medal,3,2
181690,Sandrine Paquier,19.0,177.0,60.0,SUI,1996,Atlanta,no medal,1,1
181892,Mara del Milagro Pars Coronado,15.0,166.0,48.0,CRC,1976,Montreal,no medal,2,1
181897,Mara del Milagro Pars Coronado,19.0,166.0,48.0,CRC,1980,Moskva,no medal,2,2
182664,Marja Kristiina Prssinen-Pivinen,21.0,177.0,63.5,FIN,1992,Barcelona,no medal,3,1
182697,Elina Partka,17.0,180.0,65.0,EST,2000,Sydney,no medal,3,1
183137,Magdolna Path,20.0,174.0,61.0,HUN,1968,Mexico City,no medal,2,1
183139,Magdolna Path,24.0,174.0,61.0,HUN,1972,Munich,no medal,2,2
183318,"Christine ""Christl"" Paukerl",17.0,172.0,70.0,AUT,1964,Tokyo,no medal,1,1
184094,Michelle Robyn Pearson,18.0,183.0,71.0,AUS,1980,Moskva,no medal,2,1
184096,Michelle Robyn Pearson,22.0,183.0,71.0,AUS,1984,Los Angeles,no medal,2,2
184193,Heidi Pechstein (-Kunze),16.0,171.0,64.0,GER,1960,Roma,no medal,2,1
184406,"Susan Jane ""Sue"" Pedersen (-Pankey)",14.0,175.0,70.0,USA,1968,Mexico City,Silver,1,1
184739,Federica Pellegrini,16.0,177.0,65.0,ITA,2004,Athina,no medal,4,1
184978,Paola Carolina Pearrieta Cabrera,23.0,171.32436260623228,61.75478645066274,BOL,1992,Barcelona,no medal,1,1
185343,Adriana Pereira,24.0,176.0,69.0,BRA,1988,Seoul,no medal,1,1
186135,Rebecca Vivian Mary Perrott,15.0,183.0,76.0,NZL,1976,Montreal,no medal,1,1
186190,Silvia Persi,18.0,173.0,60.0,ITA,1984,Los Angeles,no medal,2,1
186194,Silvia Persi,22.0,173.0,60.0,ITA,1988,Seoul,no medal,2,2
186448,Michele Pessoa,17.0,163.0,52.0,ANG,1980,Moskva,no medal,1,1
186758,Mette Ove Petersen (-Nielsen),18.0,171.32436260623228,61.75478645066274,DEN,1952,Helsinki,no medal,1,1
187554,"Wivi Mathilda ""Wivan"" Pettersson (-Frunck)",20.0,171.32436260623228,61.75478645066274,SWE,1924,Paris,no medal,1,1
187646,Khriska Peycheva,17.0,170.0,64.0,BUL,1972,Munich,no medal,1,1
187666,"Kimberley Marie ""Kim"" Peyton (-McDonald)",19.0,178.0,64.0,USA,1976,Montreal,no medal,2,2
188353,Caroline Pickering Puamau,16.0,168.0,67.0,FIJ,1996,Atlanta,no medal,2,1
188355,Caroline Pickering Puamau,20.0,168.0,67.0,FIJ,2000,Sydney,no medal,2,2
188359,Karen Denise Pickering,20.0,177.0,64.0,GBR,1992,Barcelona,no medal,4,1
188362,Karen Denise Pickering,24.0,177.0,64.0,GBR,1996,Atlanta,no medal,4,2
188367,Karen Denise Pickering,28.0,177.0,64.0,GBR,2000,Sydney,no medal,4,3
188374,Sharon Tanya Pickering (-Smith),16.0,171.0,71.0,FIJ,1984,Los Angeles,no medal,3,1
188384,Sharon Tanya Pickering (-Smith),24.0,171.0,71.0,FIJ,1992,Barcelona,no medal,3,3
188635,Monique Pitri,19.0,170.0,60.0,FRA,1964,Tokyo,no medal,1,1
189441,Irene Catherine Pirie-Milton,18.0,171.32436260623228,61.75478645066274,CAN,1932,Los Angeles,no medal,2,1
189444,Irene Catherine Pirie-Milton,22.0,171.32436260623228,61.75478645066274,CAN,1936,Berlin,no medal,2,2
189900,Helen Plaschinski Farca,17.0,168.0,55.0,MEX,1980,Moskva,no medal,1,1
190077,Catherine Franoise Marella Plewinski (-Arie),20.0,166.0,58.0,FRA,1988,Seoul,Bronze,2,1
190081,Catherine Franoise Marella Plewinski (-Arie),24.0,166.0,58.0,FRA,1992,Barcelona,no medal,2,2
190301,Laura Magda Serena Podest,18.0,170.0,60.0,ITA,1972,Munich,no medal,1,1
190735,Ivis Poleo,13.0,168.0,54.0,VEN,1976,Montreal,no medal,1,1
190869,Silvia Poll Ahrens,17.0,192.0,75.0,CRC,1988,Seoul,no medal,2,1
191098,Viktoriya Polyayeva,15.0,171.32436260623228,61.75478645066274,KGZ,1996,Atlanta,no medal,1,1
191425,Alena Popchanka (-Vergnoux),21.0,176.0,64.0,BLR,2000,Sydney,no medal,4,2
191426,Alena Popchanka (-Vergnoux),25.0,176.0,64.0,BLR,2004,Athina,no medal,4,3
191429,Alena Popchanka (-Vergnoux),29.0,176.0,64.0,FRA,2008,Beijing,no medal,4,4
191618,Veronika Andreyevna Popova,21.0,182.0,68.0,RUS,2012,London,no medal,2,1
191623,Veronika Andreyevna Popova,25.0,182.0,68.0,RUS,2016,Rio de Janeiro,no medal,2,2
191652,Elena Popovska,18.0,174.0,63.0,MKD,2008,Beijing,no medal,1,1
192837,Lillian Preece (-Parrington),20.0,171.32436260623228,61.75478645066274,GBR,1948,London,no medal,2,1
192839,Lillian Preece (-Parrington),24.0,171.32436260623228,61.75478645066274,GBR,1952,Helsinki,no medal,2,2
193136,Gladys Jean Priestley (-Watson),14.0,171.32436260623228,61.75478645066274,CAN,1952,Helsinki,no medal,2,1
193139,Gladys Jean Priestley (-Watson),18.0,171.32436260623228,61.75478645066274,CAN,1956,Melbourne,no medal,2,2
193709,Mariette Protin,19.292025862068964,171.32436260623228,61.75478645066274,FRA,1924,Paris,no medal,1,1
194218,Natalia Pulido Pulido,22.0,171.32436260623228,61.75478645066274,ESP,1992,Barcelona,no medal,1,1
194220,Rita Pulido Castro,15.0,163.0,53.0,ESP,1960,Roma,no medal,2,1
194221,Rita Pulido Castro,19.0,163.0,53.0,ESP,1964,Tokyo,no medal,2,2
194883,Quah Ting Wen,15.0,175.0,60.0,SGP,2008,Beijing,no medal,2,1
195312,Aina Estellah Rabetsara,18.0,167.0,59.0,MAD,2012,London,no medal,2,1
195313,Aina Estellah Rabetsara,22.0,167.0,59.0,MAD,2016,Rio de Janeiro,no medal,2,2
195410,Duka Radan,18.0,175.0,61.0,SCG,1996,Atlanta,no medal,2,1
195443,Charlotte Helen Radcliffe,16.0,171.32436260623228,61.75478645066274,GBR,1920,Antwerpen,no medal,1,1
195792,Ragnheiur Ragnarsdttir,19.0,186.0,74.0,ISL,2004,Athina,no medal,2,1
195794,Ragnheiur Ragnarsdttir,23.0,186.0,74.0,ISL,2008,Beijing,no medal,2,2
195943,"Pamela Leila ""Pam"" Rai",18.0,172.0,57.0,CAN,1984,Los Angeles,no medal,1,1
196775,Ineke Yvonne Ran,14.0,176.0,62.0,NED,1976,Montreal,no medal,1,1
196912,Nina Georgieva Rangelova,21.0,170.0,58.0,BUL,2012,London,no medal,3,2
196915,Nina Georgieva Rangelova,25.0,170.0,58.0,BUL,2016,Rio de Janeiro,no medal,3,3
197227,Karen Maud Rasmussen (-Pedersen),17.0,171.32436260623228,61.75478645066274,DEN,1924,Paris,no medal,1,1
197279,Hedevig Rasmussen-Gjrling (-Jensen),22.0,171.32436260623228,61.75478645066274,DEN,1924,Paris,no medal,1,1
197435,Bako Ratsifa Andrihamanana,16.0,154.0,47.0,MAD,1980,Moskva,no medal,1,1
197664,"Katherine Louise Rawls (-Thompson, -Green)",19.0,171.32436260623228,61.75478645066274,USA,1936,Berlin,no medal,2,2
198031,Elisabeth Rechlin (-Bode),22.0,171.32436260623228,61.75478645066274,GER,1952,Helsinki,no medal,1,1
198884,Ins Remersaro Coronel,23.0,167.0,55.0,URU,2016,Rio de Janeiro,no medal,2,2
199114,Rhoda Lilian Rennie (-Wrighton),19.0,171.32436260623228,61.75478645066274,RSA,1928,Amsterdam,no medal,1,1
199359,Lize-Mari Retief,21.0,171.0,59.0,RSA,2008,Beijing,no medal,1,1
199411,Isabel Reuss Gerding,18.0,174.0,60.0,MEX,1980,Moskva,no medal,1,1
200029,Anne Richard,16.0,169.0,57.0,BEL,1976,Montreal,no medal,1,1
200787,"Anthonia Marie ""Anke"" Rijnders (-Gerritse)",16.0,171.32436260623228,61.75478645066274,NED,1972,Munich,no medal,1,1
201248,Raili Anita Hillevi Riuttala (-Laiho),18.0,160.0,53.0,FIN,1952,Helsinki,no medal,1,1
201355,Mara Soledad Rivera Berrueto,21.0,183.0,65.0,MEX,1988,Seoul,no medal,1,1
201370,Teresa Rivera Pastrana,18.0,161.0,62.0,MEX,1984,Los Angeles,no medal,2,2
201392,Karen Nathalia Riveros Schulz,17.0,170.0,66.0,PAR,2012,London,no medal,2,1
201393,Karen Nathalia Riveros Schulz,21.0,170.0,66.0,PAR,2016,Rio de Janeiro,no medal,2,2
201417,Shoshana Rivner,18.0,171.32436260623228,61.75478645066274,ISR,1956,Melbourne,no medal,1,1
201489,Gail Rizzo,17.0,171.32436260623228,61.75478645066274,MLT,1996,Atlanta,no medal,1,1
201694,"Judith Theresa ""Judy"" Roberts (-Thomas)",18.0,171.32436260623228,61.75478645066274,USA,1952,Helsinki,no medal,1,1
201743,Susan Elizabeth Roberts,17.0,171.32436260623228,61.75478645066274,RSA,1956,Melbourne,no medal,1,1
201819,Karen Robertson,14.0,162.0,50.0,HKG,1976,Montreal,no medal,1,1
201916,Monique Rachelle Robins,16.0,171.0,54.0,NZL,2000,Sydney,no medal,1,1
202253,Anneliese Rockenbach,17.0,169.0,66.0,VEN,1960,Roma,no medal,2,1
202255,Anneliese Rockenbach,21.0,169.0,66.0,VEN,1964,Tokyo,no medal,2,2
202808,Marrion Douglas Roe (-Beck),21.0,171.32436260623228,61.75478645066274,NZL,1956,Melbourne,no medal,1,1
203536,"Susan ""Sue"" Rolph",18.0,168.0,62.0,GBR,1996,Atlanta,no medal,2,1
203540,"Susan ""Sue"" Rolph",22.0,168.0,62.0,GBR,2000,Sydney,no medal,2,2
203948,Mary Beth Rondeau,15.0,167.0,51.0,CAN,1972,Munich,no medal,1,1
204218,Joan Ann Rosazza,19.0,170.0,59.0,USA,1956,Melbourne,no medal,1,1
204255,Gabrielle Elaine Franco Rose,18.0,173.0,63.0,BRA,1996,Atlanta,no medal,2,1
204340,"Margarete ""Grete"" Rosenberg (-Wildhagen)",15.0,171.32436260623228,61.75478645066274,GER,1912,Stockholm,no medal,1,1
206381,Angela Mary Russell (-Harris),17.0,178.0,60.0,AUS,1984,Los Angeles,no medal,1,1
206423,Kathleen Russell (-Barlow),15.0,171.32436260623228,61.75478645066274,RSA,1928,Amsterdam,no medal,1,1
206816,Sarah Michelle Ryan,19.0,173.0,65.0,AUS,1996,Atlanta,no medal,3,1
206820,Sarah Michelle Ryan,23.0,173.0,65.0,AUS,2000,Sydney,no medal,3,2
207072,Ryu Yun-Ji,18.0,168.0,54.0,KOR,2004,Athina,no medal,1,1
207442,Mara Sacchi,15.0,170.0,63.0,ITA,1964,Tokyo,no medal,1,1
207469,Virginia Sachero,23.0,183.0,71.0,ARG,1984,Los Angeles,no medal,1,1
207815,Zena Sahli,17.0,162.0,52.0,SEN,2000,Sydney,no medal,1,1
207956,Paola Saini,14.0,162.0,53.0,ITA,1960,Roma,no medal,2,1
207960,Paola Saini,19.0,162.0,53.0,ITA,1964,Tokyo,no medal,2,2
208138,Fumiko Sakaguchi,18.0,171.32436260623228,61.75478645066274,JPN,1952,Helsinki,no medal,1,1
208710,Minna Helena Salmela (-Haipus),21.0,177.0,61.0,FIN,1992,Barcelona,no medal,2,1
208713,Minna Helena Salmela (-Haipus),25.0,177.0,61.0,FIN,1996,Atlanta,no medal,2,2
210074,Sanjaajamtsyn Altantuyaa,24.0,176.0,70.0,MGL,2000,Sydney,no medal,1,1
210885,Kaori Sasaki,17.0,168.0,54.0,JPN,1988,Seoul,no medal,1,1
211186,Yoshiko Sato (-Osaki),18.0,159.0,55.0,JPN,1956,Melbourne,no medal,2,1
211188,Yoshiko Sato (-Osaki),22.0,159.0,55.0,JPN,1960,Roma,no medal,2,2
211823,Susana A. Saxlund Bardier,15.0,159.0,60.0,URU,1972,Munich,no medal,1,1
212133,Madeleine Scerri,18.0,176.0,74.0,MLT,2008,Beijing,no medal,1,1
212247,Vera Schferkordt,27.0,171.32436260623228,61.75478645066274,GER,1952,Helsinki,no medal,1,1
212661,Chantal Schertz,14.0,170.0,61.0,FRA,1972,Munich,no medal,2,1
212962,"Melanie Rene ""Mel"" Schlanger (-Wright)",25.0,176.0,65.0,AUS,2012,London,no medal,2,2
213511,Ingeborg Schmitz,14.0,171.32436260623228,61.75478645066274,GER,1936,Berlin,no medal,1,1
214101,Daniela Schreiber,23.0,184.0,67.0,GER,2012,London,no medal,1,1
214244,Frances Cowells Schroth,27.0,168.0,61.75478645066274,USA,1920,Antwerpen,Bronze,1,1
214442,Ana Mara Schultz Caputo,16.0,171.32436260623228,61.75478645066274,ARG,1952,Helsinki,no medal,1,1
214563,Rita Schumacher,27.0,177.0,69.0,GER,1964,Tokyo,no medal,1,1
215041,Ilaria Sciorelli,18.0,171.32436260623228,61.75478645066274,ITA,1992,Barcelona,no medal,1,1
215054, Eleonora Margarida Josephina Scmitt,16.0,171.32436260623228,61.75478645066274,BRA,1948,London,no medal,1,1
216187,Arlene Iradie Semeco Arismendi,20.0,175.0,63.0,VEN,2004,Athina,no medal,3,1
216189,Arlene Iradie Semeco Arismendi,24.0,175.0,63.0,VEN,2008,Beijing,no medal,3,2
216191,Arlene Iradie Semeco Arismendi,28.0,175.0,63.0,VEN,2012,London,no medal,3,3
216584,Hanna-Maria Seppl,15.0,174.0,59.0,FIN,2000,Sydney,no medal,5,1
216586,Hanna-Maria Seppl,19.0,174.0,59.0,FIN,2004,Athina,no medal,5,2
216589,Hanna-Maria Seppl,23.0,174.0,59.0,FIN,2008,Beijing,no medal,5,3
216592,Hanna-Maria Seppl,27.0,174.0,59.0,FIN,2012,London,no medal,5,4
217293,Aminath Shajan,22.0,157.0,50.0,MDV,2016,Rio de Janeiro,no medal,2,2
217302,Shannon Shakespeare,19.0,175.0,66.0,CAN,1996,Atlanta,no medal,2,1
217427,Shan Ying,17.0,172.0,67.0,CHN,1996,Atlanta,no medal,1,1
217443,Gwitha Ifwersen Shand (-Waghorn),19.0,165.0,61.75478645066274,NZL,1924,Paris,no medal,1,1
217807,Hanna (Anna-) Vyacheslavovna Shcherba-Lorgeril,22.0,172.0,62.0,BLR,2004,Athina,no medal,2,1
217907,Deirdre Sheehan,18.0,167.0,59.0,IRL,1976,Montreal,no medal,1,1
218053,Shen Bao-Ni,14.0,165.0,54.0,TPE,1968,Mexico City,no medal,1,1
218060,Shen Duo,19.0,180.0,72.0,CHN,2016,Rio de Janeiro,no medal,1,1
218167,Alison Sheppard,19.0,176.0,65.0,GBR,1992,Barcelona,no medal,5,2
218534,Setsuko Shimada,18.0,171.32436260623228,61.75478645066274,JPN,1956,Melbourne,no medal,1,1
218889,Irina Shlemova,20.0,170.0,58.0,UZB,2004,Athina,no medal,2,1
218890,Irina Shlemova,24.0,170.0,58.0,UZB,2008,Beijing,no medal,2,2
219339,Marilyn Alison Sidelsky (-Maze),16.0,165.0,63.0,ZIM,1964,Tokyo,no medal,1,1
219702,Helga Sigurardttir,23.0,171.32436260623228,61.75478645066274,ISL,1992,Barcelona,no medal,1,1
219748,Maarit Hannele Sihvonen (Vhsaari-),23.0,170.0,56.0,FIN,1984,Los Angeles,no medal,1,1
220489,Joan Christel Simms,17.0,170.0,68.0,PHI,2008,Beijing,no medal,1,1
220664,Marialaura Simonetto,20.0,166.0,53.0,ITA,2008,Beijing,no medal,1,1
220704,Nancy Joan Simons (-Peterson),18.0,171.32436260623228,61.75478645066274,USA,1956,Melbourne,no medal,1,1
221381,Supra Singhal,18.0,163.0,48.0,UGA,2000,Sydney,no medal,1,1
221559,Margit H. Sipos (-Manci),19.0,171.32436260623228,61.75478645066274,HUN,1928,Amsterdam,no medal,1,1
221849,Maria Johanna Sjberg,26.0,178.0,66.0,SWE,2004,Athina,no medal,3,3
221943,Sarah Frederica Sjstrm,18.0,182.0,76.0,SWE,2012,London,no medal,3,2
221949,Sarah Frederica Sjstrm,22.0,182.0,76.0,SWE,2016,Rio de Janeiro,Bronze,3,3
222005,Yelena Alekseyevna Skalinskaya,17.0,174.0,60.0,KAZ,2004,Athina,no medal,1,1
222986,Karen Slowing-Aceituno,15.0,164.0,55.0,GUA,1984,Los Angeles,no medal,1,1
223374,Amy Louise Smith,25.0,172.0,59.0,GBR,2012,London,no medal,1,1
225870,Mara Luisa Souza,18.0,165.0,55.0,MEX,1960,Roma,no medal,2,1
225893,Nina Sovinek,23.0,176.0,65.0,SLO,2008,Beijing,no medal,1,1
226049,Pia Srensen,21.0,170.0,62.0,DEN,1988,Seoul,no medal,1,1
226170,Metka Sparavec (-Fain),17.0,181.0,60.0,SLO,1996,Atlanta,no medal,1,1
226289,Annie Coupe Speirs (-Coombe),22.0,171.32436260623228,61.75478645066274,GBR,1912,Stockholm,no medal,1,1
226369,Denise Dowling Spencer (-Henderson),18.0,171.32436260623228,61.75478645066274,AUS,1948,London,no medal,1,1
228210,Irene Steer (-Nicholson),22.0,171.32436260623228,61.75478645066274,GBR,1912,Stockholm,no medal,1,1
228373,Britta Steffen,24.0,180.0,60.0,GER,2008,Beijing,Gold,4,3
228377,Britta Steffen,28.0,180.0,60.0,GER,2012,London,no medal,4,4
228413,Christel Steffin (-Schulz),16.0,166.0,70.0,GER,1956,Melbourne,no medal,2,1
228547,"Janette May ""Jenny"" Steinbeck (-Murray)",17.0,171.0,64.0,AUS,1968,Mexico City,no medal,1,1
228721,"Carolyn Lynne ""Carrie"" Steinseifer (-Bates)",16.0,167.0,57.0,USA,1984,Los Angeles,Gold,1,1
228924,"Marie Louise ""Marilee"" Stepan (-Wehmann)",17.0,171.32436260623228,61.75478645066274,USA,1952,Helsinki,no medal,1,1
228943,"Daryna Viktorivna ""Dar'ia"" Stepaniuk",18.0,174.0,62.0,UKR,2008,Beijing,no medal,3,1
229088,"Gillian ""Jill"" Sterkel",15.0,180.0,77.0,USA,1976,Montreal,no medal,3,1
229284,Natalie Alwyne Steward,17.0,174.0,70.0,GBR,1960,Roma,Bronze,1,1
229330,Helen Stewart (-Hunt),19.292025862068964,171.32436260623228,61.75478645066274,CAN,1956,Melbourne,no medal,1,1
229359,Mary Beth Pauline Stewart (-McIlwaine),14.0,154.0,44.0,CAN,1960,Roma,no medal,2,1
229361,Mary Beth Pauline Stewart (-McIlwaine),18.0,154.0,44.0,CAN,1964,Tokyo,no medal,2,2
229456,"Josefine ""Fini"" Sticker",17.0,171.32436260623228,61.75478645066274,AUT,1912,Stockholm,no medal,1,1
229466,Sarolta Stieber,22.0,171.32436260623228,61.75478645066274,HUN,1928,Amsterdam,no medal,1,1
229537,Hermine Marie Stindt,24.0,171.32436260623228,61.75478645066274,GER,1912,Stockholm,no medal,1,1
229663,Ena Phyllis Stockley (-Taylor),21.0,171.32436260623228,61.75478645066274,NZL,1928,Amsterdam,no medal,1,1
229994,Margaret Annice Stone (-Donato),17.0,171.32436260623228,61.75478645066274,CAN,1936,Berlin,no medal,1,1
230160,Sharon Marie Stouder (-Clark),15.0,173.0,61.0,USA,1964,Tokyo,Silver,1,1
230423,Kirsten Strange-Campbell,20.0,176.0,64.0,DEN,1964,Tokyo,no medal,3,1
230428,Kirsten Strange-Campbell,28.0,176.0,64.0,DEN,1972,Munich,no medal,3,3
230820,Irene Strong,19.0,171.32436260623228,61.75478645066274,CAN,1948,London,no medal,2,1
230823,Irene Strong,23.0,171.32436260623228,61.75478645066274,CAN,1952,Helsinki,no medal,2,2
230892,Maria Antonietta Rita Strumolo,19.0,163.0,59.0,ITA,1968,Mexico City,no medal,1,1
231282,Anna Stylianou,14.0,172.0,55.0,CYP,2000,Sydney,no medal,3,1
231283,Anna Stylianou,22.0,172.0,55.0,CYP,2008,Beijing,no medal,3,2
232414,Sung Yi-Chieh,18.0,164.0,57.0,TPE,2004,Athina,no medal,1,1
232646,"Dorothy ""Dottie"" Sutcliffe",13.0,155.0,58.0,ZIM,1960,Roma,no medal,1,1
233077,Elvi Johanne Svendsen (-Carlsen),16.0,171.32436260623228,61.75478645066274,DEN,1936,Berlin,no medal,2,1
233130,Ellenor Susanne Svensson (-Lindroth),21.0,177.0,61.75478645066274,SWE,1992,Barcelona,no medal,1,1
233216,Vilborg Sverrisdttir,19.0,171.32436260623228,61.75478645066274,ISL,1976,Montreal,no medal,1,1
233519,Irne Sweyd,16.0,171.32436260623228,61.75478645066274,BEL,1956,Melbourne,no medal,1,1
234316,Florencia Szigeti,19.0,170.0,56.0,ARG,2000,Sydney,no medal,2,1
234319,Florencia Szigeti,23.0,170.0,56.0,ARG,2004,Athina,no medal,2,2
234436,"Katalin Szke (Homonnai-, -Markovits, -Domjan)",16.0,171.32436260623228,61.75478645066274,HUN,1952,Helsinki,Gold,2,1
234438,"Katalin Szke (Homonnai-, -Markovits, -Domjan)",21.0,171.32436260623228,61.75478645066274,HUN,1956,Melbourne,no medal,2,2
234745,Pilin Tachakittiranan,17.0,174.0,60.0,THA,2000,Sydney,no medal,2,1
235098,Katalin Takcs,22.0,172.0,63.0,HUN,1964,Tokyo,no medal,1,1
235408,Rei Takemura,17.0,171.32436260623228,61.75478645066274,JPN,1936,Berlin,no medal,1,1
236153,Shikha Tandon,19.0,166.0,60.0,IND,2004,Athina,no medal,1,1
236224,Tang Yi,19.0,178.0,70.0,CHN,2012,London,Bronze,3,2
236246,Gaby Tanguy,22.0,171.32436260623228,61.75478645066274,FRA,1952,Helsinki,no medal,1,1
236337,"Iris Vera Tanner (-Murrell, -Curran)",17.0,171.32436260623228,61.75478645066274,GBR,1924,Paris,no medal,2,1
236340,"Iris Vera Tanner (-Murrell, -Curran)",21.0,171.32436260623228,61.75478645066274,GBR,1928,Amsterdam,no medal,2,2
236724,Lynne Tasker,16.0,166.0,60.0,ZIM,1980,Moskva,no medal,1,1
236814,"Jennifer ""Jenny"" Tate (-Beer)",16.0,172.0,56.0,AUS,1976,Montreal,no medal,1,1
237506,Judit Temes (-Tuider),17.0,171.32436260623228,61.75478645066274,HUN,1948,London,no medal,3,1
237508,Judit Temes (-Tuider),21.0,171.32436260623228,61.75478645066274,HUN,1952,Helsinki,Bronze,3,2
237865,"Johanna Maria ""Hannie"" Termeulen",19.0,171.32436260623228,61.75478645066274,NED,1948,London,no medal,2,1
237867,"Johanna Maria ""Hannie"" Termeulen",23.0,171.32436260623228,61.75478645066274,NED,1952,Helsinki,Silver,2,2
237897,Erica Georgine Terpstra,17.0,175.0,70.0,NED,1960,Roma,no medal,2,1
237899,Erica Georgine Terpstra,21.0,175.0,70.0,NED,1964,Tokyo,no medal,2,2
237994,Jovana Terzi,17.0,165.0,54.0,MNE,2016,Rio de Janeiro,no medal,1,1
239119,Margrit Thomet,20.0,170.0,60.0,SUI,1972,Munich,no medal,1,1
239224,"Jennifer Elisabeth ""Jenny"" Thompson (-Cumpelik)",19.0,177.0,69.0,USA,1992,Barcelona,Silver,4,1
239231,"Jennifer Elisabeth ""Jenny"" Thompson (-Cumpelik)",27.0,177.0,69.0,USA,2000,Sydney,Bronze,4,3
239424,Gillian Akiko Thomson,13.0,171.0,58.0,PHI,1988,Seoul,no medal,3,1
239426,Gillian Akiko Thomson,17.0,171.0,58.0,PHI,1992,Barcelona,no medal,3,2
239573,Robyn Jean Thorn (-Risson-Nock),18.0,171.32436260623228,61.75478645066274,AUS,1964,Tokyo,no medal,1,1
239590,Inger Marianne Thorngren (-Hglund),17.0,186.0,85.0,SWE,1960,Roma,no medal,1,1
239723,Vera Julia Thulin (-Mirsky),18.0,171.32436260623228,61.75478645066274,SWE,1912,Stockholm,no medal,1,1
239844,gsta orsteinsdttir,18.0,171.32436260623228,61.75478645066274,ISL,1960,Roma,no medal,1,1
240340,Clelia Tini,20.0,165.0,57.0,SMR,2012,London,no medal,1,1
240819,Yekaterina Tochenaya,19.0,179.0,65.0,KGZ,2000,Sydney,no medal,1,1
241560,Orsolya Tompa,17.0,170.0,57.0,HUN,2008,Beijing,no medal,1,1
241785,Hjrdis Viktoria Tpel,20.0,171.32436260623228,61.75478645066274,SWE,1924,Paris,no medal,2,1
242075,"Dara Grace Torres (-Hoffman, -Minas)",21.0,183.0,68.0,USA,1988,Seoul,no medal,5,2
242080,"Dara Grace Torres (-Hoffman, -Minas)",33.0,183.0,68.0,USA,2000,Sydney,Bronze,5,4
242192,Karen Milenka Torrez Guzman,19.0,165.0,58.0,BOL,2012,London,no medal,2,1
243128,Gillian S. Treers,16.0,159.0,57.0,GBR,1968,Mexico City,no medal,1,1
243978,Tsai Shu-Min,17.0,167.0,48.0,TPE,1996,Atlanta,no medal,2,1
243984,Tsai Shu-Min,21.0,167.0,48.0,TPE,2000,Sydney,no medal,2,2
244166,Jovina Tseng,14.0,158.0,53.0,MAS,1964,Tokyo,no medal,1,1
245245,Judit Turczy (-Korach),16.0,162.0,55.0,HUN,1964,Tokyo,no medal,3,1
245247,Judit Turczy (-Korach),20.0,162.0,55.0,HUN,1968,Mexico City,no medal,3,2
245251,Judit Turczy (-Korach),24.0,162.0,55.0,HUN,1972,Munich,no medal,3,3
245707,Miki Uchida,21.0,173.0,62.0,JPN,2016,Rio de Janeiro,no medal,2,2
245837,Reshika Udugampola,18.0,160.0,54.0,SRI,2012,London,no medal,1,1
245851,Haruka Ueda,24.0,177.0,68.0,JPN,2012,London,no medal,2,2
245965,Maria Ugolkova,27.0,173.0,65.0,SUI,2016,Rio de Janeiro,no medal,1,1
246040,Gabrijela Uji (-Vukovi),19.0,171.32436260623228,61.75478645066274,CRO,1996,Atlanta,no medal,1,1
246442,Ryoko Urakami,17.0,158.0,48.0,JPN,1964,Tokyo,no medal,1,1
246593,Diana Ctlina Ureche,17.0,171.32436260623228,61.75478645066274,ROU,1992,Barcelona,no medal,1,1
247725,Monica Vallarin,15.0,170.0,60.0,ITA,1980,Moskva,no medal,1,1
247783,Gisle Vallerey (-Mamelonet),18.0,171.32436260623228,61.75478645066274,FRA,1948,London,no medal,1,1
247933,Franziska van Almsick,14.0,181.0,66.0,GER,1992,Barcelona,Bronze,4,1
247938,Franziska van Almsick,18.0,181.0,66.0,GER,1996,Atlanta,no medal,4,2
247949,Franziska van Almsick,26.0,181.0,66.0,GER,2004,Athina,no medal,4,4
248055,"Cornelia ""Conny"" van Bentum",14.0,181.0,76.0,NED,1980,Moskva,no medal,3,1
248057,"Cornelia ""Conny"" van Bentum",18.0,181.0,76.0,NED,1984,Los Angeles,no medal,3,2
248062,"Cornelia ""Conny"" van Bentum",23.0,181.0,76.0,NED,1988,Seoul,no medal,3,3
248722,Germaine Van Dievoet (-Dessecker),20.0,171.32436260623228,61.75478645066274,BEL,1920,Antwerpen,no medal,1,1
248807,Amy Deloris Van Dyken (-Rouen),23.0,183.0,74.0,USA,1996,Atlanta,no medal,2,1
248830,"Cornelia Maria ""Cocki"" van Engelsdorp Gastelaars (-Garretsen)",22.0,170.0,67.0,NED,1960,Roma,no medal,1,1
249004,Mirjam van Hemert,18.0,170.0,65.0,NED,1968,Mexico City,no medal,1,1
249022,"Willemina Cornelia Adriana ""Wilma"" van Hofwegen-van Rijn",29.0,184.0,73.0,NED,2000,Sydney,no medal,2,2
249149,Chantal Jean Van Landeghem,22.0,180.0,77.0,CAN,2016,Rio de Janeiro,no medal,1,1
249154,Britany van Lange,15.0,180.0,68.0,GUY,2012,London,no medal,1,1
249595,Koosje van Voorn (-ten Thije),17.0,171.32436260623228,61.75478645066274,NED,1952,Helsinki,no medal,1,1
249621,"Wilhelmina ""Winnie"" van Weerdenburg (-Rijke)",18.0,168.0,61.0,NED,1964,Tokyo,no medal,1,1
249640,Karen Tracey Van Wirdum (-Dunne),17.0,160.0,52.0,AUS,1988,Seoul,no medal,3,1
249643,Karen Tracey Van Wirdum (-Dunne),21.0,160.0,52.0,AUS,1992,Barcelona,no medal,3,2
249806,Arianna Fritzallen Vanderpool-Wallace,18.0,168.0,61.0,BAH,2008,Beijing,no medal,3,1
249808,Arianna Fritzallen Vanderpool-Wallace,22.0,168.0,61.0,BAH,2012,London,no medal,3,2
249810,Arianna Fritzallen Vanderpool-Wallace,26.0,168.0,61.0,BAH,2016,Rio de Janeiro,no medal,3,3
250596,"Susanne ""Susy"" Vaterlaus",19.0,171.32436260623228,61.75478645066274,SUI,1952,Helsinki,no medal,1,1
251046,"Magdalena Johanna Maria ""Marleen"" Veldhuis",25.0,182.0,67.0,NED,2004,Athina,no medal,3,1
251051,"Magdalena Johanna Maria ""Marleen"" Veldhuis",29.0,182.0,67.0,NED,2008,Beijing,no medal,3,2
251260,Scylla Venncio,19.0,171.32436260623228,61.75478645066274,BRA,1936,Berlin,no medal,1,1
251442,Carine Verbauwen,18.0,166.0,57.0,BEL,1980,Moskva,no medal,2,2
251501,Sybille Verckist,17.0,171.32436260623228,61.75478645066274,BEL,1952,Helsinki,no medal,1,1
251893,"Anna Maria Theodora Petra ""Annemarie"" Verstappen (-Janssen)",18.0,180.0,66.0,NED,1984,Los Angeles,Bronze,1,1
252163,Cecilia Vianini,19.0,178.0,66.0,ITA,1996,Atlanta,no medal,3,1
252456,Isabelle Vieira,16.0,171.0,64.0,BRA,1988,Seoul,no medal,1,1
252490,"Maria ""Rie"" Vierdag (-Smit)",18.0,170.0,61.75478645066274,NED,1924,Paris,no medal,3,1
252493,"Maria ""Rie"" Vierdag (-Smit)",22.0,170.0,61.75478645066274,NED,1928,Amsterdam,no medal,3,2
252495,"Maria ""Rie"" Vierdag (-Smit)",26.0,170.0,61.75478645066274,NED,1932,Los Angeles,no medal,3,3
253969,Sandra Vlker,22.0,180.0,75.0,GER,1996,Atlanta,Silver,4,2
253973,Sandra Vlker,26.0,180.0,75.0,GER,2000,Sydney,no medal,4,3
254517,"Susan Christina ""Chris"" von Saltza (-Olmstead)",16.0,178.0,63.0,USA,1960,Roma,Silver,1,1
254823,Odile Vouaux (-Milley),19.292025862068964,171.32436260623228,61.75478645066274,FRA,1956,Melbourne,no medal,1,1
255341,Olive Louise Wadham (Joynes-),27.0,171.32436260623228,61.75478645066274,GBR,1936,Berlin,no medal,1,1
255490,"Catharina Wilhelmina ""Tini"" Wagner (-Boekhorst)",16.0,171.32436260623228,61.75478645066274,NED,1936,Berlin,no medal,1,1
255846,Diane Barclay Walker (-Allan),16.0,172.0,65.0,GBR,1972,Munich,no medal,1,1
256152,Violet Ethel Mary Walrond (-Robb),15.0,165.0,61.75478645066274,NZL,1920,Antwerpen,no medal,1,1
256467,Wang Chi,18.0,160.0,51.0,TPE,1988,Seoul,no medal,1,1
257558,"Lynette Pamela ""Lynne"" Watson (-Bates)",15.0,172.0,60.0,AUS,1968,Mexico City,no medal,1,1
258179,Mariechen M. Wehselau (-Jackson),17.0,171.32436260623228,61.75478645066274,USA,1924,Paris,Silver,1,1
258588,Abbey Weitzeil,19.0,178.0,68.0,USA,2016,Rio de Janeiro,no medal,1,1
258669,Margaret Olive Wellington (-Restorick),21.0,171.32436260623228,61.75478645066274,GBR,1948,London,no medal,1,1
260684,Katarzyna Maria Wilk,20.0,178.0,64.0,POL,2012,London,no medal,3,2
260686,Katarzyna Maria Wilk,24.0,178.0,64.0,POL,2016,Rio de Janeiro,no medal,3,3
260762,Diana Elizabeth Wilkinson (-Bishop),16.0,165.0,67.0,GBR,1960,Roma,no medal,2,1
260763,Diana Elizabeth Wilkinson (-Bishop),20.0,165.0,67.0,GBR,1964,Tokyo,no medal,2,2
260771,Julia Rose Wilkinson,21.0,178.0,70.0,CAN,2008,Beijing,no medal,2,1
260777,Julia Rose Wilkinson,25.0,178.0,70.0,CAN,2012,London,no medal,2,2
261270,Jacquelene Willmott,15.0,168.0,55.0,GBR,1980,Moskva,no medal,1,1
261464,Hannah Jane Arnett Wilson,15.0,174.0,65.0,HKG,2004,Athina,no medal,3,1
261465,Hannah Jane Arnett Wilson,19.0,174.0,65.0,HKG,2008,Beijing,no medal,3,2
261467,Hannah Jane Arnett Wilson,23.0,174.0,65.0,HKG,2012,London,no medal,3,3
262672,"Kathryn Florence ""Kathy"" Wong",16.0,166.0,54.0,HKG,1984,Los Angeles,no medal,1,1
262691,Ratiporn Wong,20.0,160.0,51.0,THA,1992,Barcelona,no medal,1,1
262732,Carolyn Virginia Wood,14.0,167.0,60.0,USA,1960,Roma,no medal,1,1
263215,"Judith ""Judy"" Wright (-McMurchy)",16.0,171.0,61.0,CAN,1972,Munich,no medal,1,1
263572,"Suzanne Wurtz (-Bert, -Voyez, -Lone)",19.0,171.32436260623228,61.75478645066274,FRA,1920,Antwerpen,no medal,1,1
263665,"Wilhelmina ""Mina"" Wylie",20.0,171.32436260623228,61.75478645066274,ANZ,1912,Stockholm,Silver,1,1
263980,Xu Yanwei,20.0,173.0,70.0,CHN,2004,Athina,no medal,2,1
264517,Sadako Yamashita,19.0,171.32436260623228,61.75478645066274,JPN,1952,Helsinki,no medal,1,1
264573,Sachiko Yamazaki,14.0,152.0,40.0,JPN,1976,Montreal,no medal,1,1
264596,Yan Hong,16.0,170.0,55.0,CHN,1984,Los Angeles,no medal,1,1
264664,Kaori Yanase,16.0,167.0,61.0,JPN,1984,Los Angeles,no medal,1,1
265495,"Wei Ling ""Joscelin"" Yeo",13.0,165.0,56.0,SGP,1992,Barcelona,no medal,4,1
265501,"Wei Ling ""Joscelin"" Yeo",17.0,165.0,56.0,SGP,1996,Atlanta,no medal,4,2
265507,"Wei Ling ""Joscelin"" Yeo",21.0,165.0,56.0,SGP,2000,Sydney,no medal,4,3
265585,Yevgeniya Yermakova,20.0,171.32436260623228,61.75478645066274,KAZ,1996,Atlanta,no medal,2,2
265656,Yeung Sauking,17.0,171.32436260623228,61.75478645066274,CHN,1936,Berlin,no medal,1,1
267251,Berta Zahourek (-Blaha),16.0,171.32436260623228,61.75478645066274,AUT,1912,Stockholm,no medal,1,1
268454,"Dita elvien (Babrauskait-, -Kareckien)",28.0,171.32436260623228,61.75478645066274,LTU,1996,Atlanta,no medal,1,1
269295,Svetlana Zhidko (-Levkevich),16.0,171.32436260623228,61.75478645066274,BLR,1996,Atlanta,no medal,1,1
269490,Zhu Menghui,17.0,177.0,62.0,CHN,2016,Rio de Janeiro,no medal,1,1
269527,Zhu Yingwen,26.0,173.0,67.0,CHN,2008,Beijing,no medal,2,2
269542,Zhuang Yong,16.0,172.0,68.0,CHN,1988,Seoul,Silver,2,1
269547,Zhuang Yong,19.0,172.0,68.0,CHN,1992,Barcelona,Gold,2,2
