,Name,Age,Height,Weight,NOC,Year,City,Sport,Event,Medal,Times_Participated,Participation_Number
265,Giordano Giulio Abbondati,15.0,175.0,64.0,ITA,1964,Innsbruck,Figure Skating,Figure Skating Men's Singles,no medal,2,1
266,Giordano Giulio Abbondati,19.0,175.0,64.0,ITA,1968,Grenoble,Figure Skating,Figure Skating Men's Singles,no medal,2,2
276,Jeremy Abbott,24.0,175.0,70.0,USA,2010,Vancouver,Figure Skating,Figure Skating Men's Singles,no medal,3,2
277,Jeremy Abbott,28.0,175.0,70.0,USA,2014,Sochi,Figure Skating,Figure Skating Men's Singles,no medal,3,3
1053,"Aleksandr Viktorovich ""Sasha"" Abt",25.0,179.0,68.0,RUS,2002,Salt Lake City,Figure Skating,Figure Skating Men's Singles,no medal,1,1
2920,Lars Arne kesson,20.0,180.0,68.0,SWE,1984,Sarajevo,Figure Skating,Figure Skating Men's Singles,no medal,1,1
4418,Boycho Aleksiev,24.0,173.39762611275964,65.59163987138264,BUL,1988,Calgary,Figure Skating,Figure Skating Men's Singles,no medal,1,1
5041,"Scott Ethan ""Scotty"" Allen",14.0,163.0,69.0,USA,1964,Innsbruck,Figure Skating,Figure Skating Men's Singles,Bronze,1,1
6203,Florent Amodio,19.0,164.0,56.0,FRA,2010,Vancouver,Figure Skating,Figure Skating Men's Singles,no medal,2,1
6204,Florent Amodio,23.0,164.0,56.0,FRA,2014,Sochi,Figure Skating,Figure Skating Men's Singles,no medal,2,2
6576,Gnter Anderl,21.0,182.0,65.0,AUT,1968,Grenoble,Figure Skating,Figure Skating Men's Singles,no medal,2,1
6577,Gnter Anderl,25.0,182.0,65.0,AUT,1972,Sapporo,Figure Skating,Figure Skating Men's Singles,no medal,2,2
10953,Verners Auls,46.0,173.39762611275964,65.59163987138264,LAT,1936,Garmisch-Partenkirchen,Figure Skating,Figure Skating Men's Singles,no medal,1,1
11928,Paolo Luca Bacchini,24.0,168.0,64.0,ITA,2010,Vancouver,Figure Skating,Figure Skating Men's Singles,no medal,1,1
12290,Sherwin Campbell Badger,26.0,173.39762611275964,65.59163987138264,USA,1928,Sankt Moritz,Figure Skating,Figure Skating Men's Singles,no medal,2,1
12599,Ernst Baier,26.0,173.39762611275964,65.59163987138264,GER,1932,Lake Placid,Figure Skating,Figure Skating Men's Singles,no medal,2,1
12600,Ernst Baier,30.0,173.39762611275964,65.59163987138264,GER,1936,Garmisch-Partenkirchen,Figure Skating,Figure Skating Men's Singles,Silver,2,2
16802,Gary Beacom,23.0,180.0,67.0,CAN,1984,Sarajevo,Figure Skating,Figure Skating Men's Singles,no medal,1,1
20418,Johan Kristoffer Berntsson,23.0,176.0,73.0,SWE,2006,Torino,Figure Skating,Figure Skating Men's Singles,no medal,1,1
23910,Bodo Bockenauer,19.0,173.39762611275964,65.59163987138264,GER,1960,Squaw Valley,Figure Skating,Figure Skating Men's Singles,no medal,1,1
23920,"Wilhelm Richard ""Willy"" Bckl",30.0,173.39762611275964,65.59163987138264,AUT,1924,Chamonix,Figure Skating,Figure Skating Men's Singles,Silver,2,1
23921,"Wilhelm Richard ""Willy"" Bckl",35.0,173.39762611275964,65.59163987138264,AUT,1928,Sankt Moritz,Figure Skating,Figure Skating Men's Singles,Silver,2,2
24502,"Stanislav ""Stan"" Bohonek",23.0,173.39762611275964,65.59163987138264,CAN,1976,Innsbruck,Figure Skating,Figure Skating Men's Singles,no medal,1,1
24596,Brian Anthony Boitano,20.0,180.0,75.0,USA,1984,Sarajevo,Figure Skating,Figure Skating Men's Singles,no medal,3,1
24597,Brian Anthony Boitano,24.0,180.0,75.0,USA,1988,Calgary,Figure Skating,Figure Skating Men's Singles,Gold,3,2
24598,Brian Anthony Boitano,30.0,180.0,75.0,USA,1994,Lillehammer,Figure Skating,Figure Skating Men's Singles,no medal,3,3
25496,Michael Robert Booker,18.0,173.39762611275964,65.59163987138264,GBR,1956,Cortina d'Ampezzo,Figure Skating,Figure Skating Men's Singles,no medal,1,1
25696,"Gail Borden, II",24.0,173.39762611275964,65.59163987138264,USA,1932,Lake Placid,Figure Skating,Figure Skating Men's Singles,no medal,1,1
25817,Ralph Borghard,19.0,170.0,68.0,GER,1964,Innsbruck,Figure Skating,Figure Skating Men's Singles,no medal,1,1
26029,Artyom Igorevich Borodulin,20.0,177.0,68.0,RUS,2010,Vancouver,Figure Skating,Figure Skating Men's Singles,no medal,1,1
27479,Ian Home Bowhill,24.0,173.39762611275964,65.59163987138264,GBR,1928,Sankt Moritz,Figure Skating,Figure Skating Men's Singles,no medal,1,1
27500,Christopher Nicol Bowman,20.0,178.0,70.0,USA,1988,Calgary,Figure Skating,Figure Skating Men's Singles,no medal,2,1
27501,Christopher Nicol Bowman,24.0,178.0,70.0,USA,1992,Albertville,Figure Skating,Figure Skating Men's Singles,no medal,2,2
29021,Robert Lee Brewer,20.0,173.39762611275964,65.59163987138264,USA,1960,Squaw Valley,Figure Skating,Figure Skating Men's Singles,no medal,1,1
29041,Michal Bezina,19.0,173.0,65.0,CZE,2010,Vancouver,Figure Skating,Figure Skating Men's Singles,no medal,2,1
29042,Michal Bezina,23.0,173.0,65.0,CZE,2014,Sochi,Figure Skating,Figure Skating Men's Singles,no medal,2,2
29402,Sbastien Britten,23.0,172.0,64.0,CAN,1994,Lillehammer,Figure Skating,Figure Skating Men's Singles,no medal,1,1
30100,Jason Brown,19.0,170.0,61.0,USA,2014,Sochi,Figure Skating,Figure Skating Men's Singles,no medal,1,1
30198,"Timothy Tuttle ""Tim"" Brown",21.0,173.39762611275964,65.59163987138264,USA,1960,Squaw Valley,Figure Skating,Figure Skating Men's Singles,no medal,1,1
30255,Kurt Browning,21.0,170.0,65.0,CAN,1988,Calgary,Figure Skating,Figure Skating Men's Singles,no medal,3,1
30256,Kurt Browning,25.0,170.0,65.0,CAN,1992,Albertville,Figure Skating,Figure Skating Men's Singles,no medal,3,2
30257,Kurt Browning,27.0,170.0,65.0,CAN,1994,Lillehammer,Figure Skating,Figure Skating Men's Singles,no medal,3,3
30611,Pierre mile Ernest Brunet,21.0,168.0,65.59163987138264,FRA,1924,Chamonix,Figure Skating,Figure Skating Men's Singles,no medal,3,1
30613,Pierre mile Ernest Brunet,25.0,168.0,65.59163987138264,FRA,1928,Sankt Moritz,Figure Skating,Figure Skating Men's Singles,no medal,3,2
31459,Lucian Beler,25.0,173.39762611275964,65.59163987138264,SUI,1936,Garmisch-Partenkirchen,Figure Skating,Figure Skating Men's Singles,no medal,1,1
32201,Ralph Burghart,25.0,173.39762611275964,65.59163987138264,AUT,1992,Albertville,Figure Skating,Figure Skating Men's Singles,no medal,1,1
32967,"Jeffrey ""Jeff"" Buttle",23.0,173.0,60.0,CAN,2006,Torino,Figure Skating,Figure Skating Men's Singles,Bronze,1,1
32977,"Richard Totten ""Dick"" Button",18.0,173.39762611275964,65.59163987138264,USA,1948,Sankt Moritz,Figure Skating,Figure Skating Men's Singles,Gold,2,1
32978,"Richard Totten ""Dick"" Button",22.0,173.39762611275964,65.59163987138264,USA,1952,Oslo,Figure Skating,Figure Skating Men's Singles,Gold,2,2
33081,Alexei Yuryevich Bychenko,26.0,174.0,65.59163987138264,ISR,2014,Sochi,Figure Skating,Figure Skating Men's Singles,no medal,1,1
33924,Nils Hkon Thomas Callerud,18.0,182.0,69.0,SWE,1968,Grenoble,Figure Skating,Figure Skating Men's Singles,no medal,1,1
33948,Alain Calmat,15.0,173.39762611275964,65.59163987138264,FRA,1956,Cortina d'Ampezzo,Figure Skating,Figure Skating Men's Singles,no medal,3,1
33949,Alain Calmat,19.0,173.39762611275964,65.59163987138264,FRA,1960,Squaw Valley,Figure Skating,Figure Skating Men's Singles,no medal,3,2
33950,Alain Calmat,23.0,173.39762611275964,65.59163987138264,FRA,1964,Innsbruck,Figure Skating,Figure Skating Men's Singles,Silver,3,3
34680,Philippe Christophe Luciene Candeloro,21.0,170.0,60.0,FRA,1994,Lillehammer,Figure Skating,Figure Skating Men's Singles,Bronze,2,1
34681,Philippe Christophe Luciene Candeloro,25.0,170.0,60.0,FRA,1998,Nagano,Figure Skating,Figure Skating Men's Singles,Bronze,2,2
34784,Malcolm Roger Cannon,19.0,164.0,63.0,GBR,1964,Innsbruck,Figure Skating,Figure Skating Men's Singles,no medal,1,1
35983,Stephen Alexander Carr,28.0,167.0,65.0,AUS,1994,Lillehammer,Figure Skating,Figure Skating Men's Singles,no medal,3,2
38314,Patrick Lewis Chan,19.0,168.0,67.0,CAN,2010,Vancouver,Figure Skating,Figure Skating Men's Singles,no medal,2,1
38315,Patrick Lewis Chan,23.0,168.0,67.0,CAN,2014,Sochi,Figure Skating,Figure Skating Men's Singles,Silver,2,2
39886,"William Claude ""Bill"" Cherrell",22.0,173.39762611275964,65.59163987138264,AUS,1960,Squaw Valley,Figure Skating,Figure Skating Men's Singles,no medal,1,1
40437,Gheorghe Chiper,23.0,176.0,72.0,ROU,2002,Salt Lake City,Figure Skating,Figure Skating Men's Singles,no medal,2,1
40438,Gheorghe Chiper,27.0,176.0,72.0,ROU,2006,Torino,Figure Skating,Figure Skating Men's Singles,no medal,2,2
40440,Vaughn Chipeur,25.0,170.0,64.0,CAN,2010,Vancouver,Figure Skating,Figure Skating Men's Singles,no medal,1,1
40617,Cho Jae-Hyung,17.0,169.0,60.0,KOR,1984,Sarajevo,Figure Skating,Figure Skating Men's Singles,no medal,1,1
42121,Tomislav imeija,23.0,173.39762611275964,65.59163987138264,CRO,1992,Albertville,Figure Skating,Figure Skating Men's Singles,no medal,1,1
42372,Herbert James Clarke,44.0,173.39762611275964,65.59163987138264,GBR,1924,Chamonix,Figure Skating,Figure Skating Men's Singles,no medal,1,1
42637,David Wiliam Clements,20.0,173.39762611275964,65.59163987138264,GBR,1960,Squaw Valley,Figure Skating,Figure Skating Men's Singles,no medal,1,1
42998,Per Cock-Clausen,35.0,173.39762611275964,65.59163987138264,DEN,1948,Sankt Moritz,Figure Skating,Figure Skating Men's Singles,no medal,2,1
42999,Per Cock-Clausen,39.0,173.39762611275964,65.59163987138264,DEN,1952,Oslo,Figure Skating,Figure Skating Men's Singles,no medal,2,2
43009,Mark Wayne Cockerell,21.0,170.0,63.0,USA,1984,Sarajevo,Figure Skating,Figure Skating Men's Singles,no medal,1,1
44186,Samuel Contesti,26.0,181.0,66.0,ITA,2010,Vancouver,Figure Skating,Figure Skating Men's Singles,no medal,1,1
45525,Robin John Cousins,18.0,183.0,66.0,GBR,1976,Innsbruck,Figure Skating,Figure Skating Men's Singles,no medal,2,1
45526,Robin John Cousins,22.0,183.0,66.0,GBR,1980,Lake Placid,Figure Skating,Figure Skating Men's Singles,Gold,2,2
45527,Steven Cousins,19.0,182.0,75.0,GBR,1992,Albertville,Figure Skating,Figure Skating Men's Singles,no medal,3,1
45528,Steven Cousins,21.0,182.0,75.0,GBR,1994,Lillehammer,Figure Skating,Figure Skating Men's Singles,no medal,3,2
45529,Steven Cousins,25.0,182.0,75.0,GBR,1998,Nagano,Figure Skating,Figure Skating Men's Singles,no medal,3,3
45901,Toller Shalitoe Montague Cranston,22.0,172.0,68.0,CAN,1972,Sapporo,Figure Skating,Figure Skating Men's Singles,no medal,2,1
45902,Toller Shalitoe Montague Cranston,26.0,172.0,68.0,CAN,1976,Innsbruck,Figure Skating,Figure Skating Men's Singles,Bronze,2,2
47339,John Anthony Curry,22.0,180.0,67.0,GBR,1972,Sapporo,Figure Skating,Figure Skating Men's Singles,no medal,2,1
47340,John Anthony Curry,26.0,180.0,67.0,GBR,1976,Innsbruck,Figure Skating,Figure Skating Men's Singles,Gold,2,2
47556,Gyrgy Czak,18.0,173.39762611275964,65.59163987138264,HUN,1952,Oslo,Figure Skating,Figure Skating Men's Singles,no medal,1,1
48655,Frdric Dambier,24.0,163.0,56.0,FRA,2002,Salt Lake City,Figure Skating,Figure Skating Men's Singles,no medal,2,1
48656,Frdric Dambier,28.0,163.0,56.0,FRA,2006,Torino,Figure Skating,Figure Skating Men's Singles,no medal,2,2
49170,Emmerich Danzer,19.0,180.0,70.0,AUT,1964,Innsbruck,Figure Skating,Figure Skating Men's Singles,no medal,2,1
49171,Emmerich Danzer,23.0,180.0,70.0,AUT,1968,Grenoble,Figure Skating,Figure Skating Men's Singles,no medal,2,2
49917,Scott Davis,22.0,175.0,68.0,USA,1994,Lillehammer,Figure Skating,Figure Skating Men's Singles,no medal,1,1
50033,Sergey Dmitryevich Davydov,22.0,159.0,56.0,BLR,2002,Salt Lake City,Figure Skating,Figure Skating Men's Singles,no medal,2,1
50034,Sergey Dmitryevich Davydov,26.0,159.0,56.0,BLR,2006,Torino,Figure Skating,Figure Skating Men's Singles,no medal,2,2
53947,Laurent Depouilly,20.0,168.0,62.0,FRA,1984,Sarajevo,Figure Skating,Figure Skating Men's Singles,no medal,1,1
55479,Wallace William Diestelmeyer,21.0,173.39762611275964,65.59163987138264,CAN,1948,Sankt Moritz,Figure Skating,Figure Skating Men's Singles,no medal,1,1
55911,Ivan Bozhidarov Dinev,19.0,174.0,68.0,BUL,1998,Nagano,Figure Skating,Figure Skating Men's Singles,no medal,3,1
55912,Ivan Bozhidarov Dinev,23.0,174.0,68.0,BUL,2002,Salt Lake City,Figure Skating,Figure Skating Men's Singles,no medal,3,2
55913,Ivan Bozhidarov Dinev,27.0,174.0,68.0,BUL,2006,Torino,Figure Skating,Figure Skating Men's Singles,no medal,3,3
56436,Dmytro Mikhailovich Dmytrenko,24.0,174.0,64.0,UKR,1998,Nagano,Figure Skating,Figure Skating Men's Singles,no medal,2,1
56437,Dmytro Mikhailovich Dmytrenko,28.0,174.0,64.0,UKR,2002,Salt Lake City,Figure Skating,Figure Skating Men's Singles,no medal,2,2
56931,Angelo Dolfini,23.0,161.0,58.0,ITA,2002,Salt Lake City,Figure Skating,Figure Skating Men's Singles,no medal,1,1
57054,Przemysaw Domaski,23.0,182.0,72.0,POL,2010,Vancouver,Figure Skating,Figure Skating Men's Singles,no medal,1,1
58602,Lars Gandrup Dresler,20.0,173.39762611275964,65.59163987138264,DEN,1988,Calgary,Figure Skating,Figure Skating Men's Singles,no medal,1,1
59917,"John Edward Powell ""Jack"" Dunn",18.0,173.39762611275964,65.59163987138264,GBR,1936,Garmisch-Partenkirchen,Figure Skating,Figure Skating Men's Singles,no medal,1,1
60198,Robert Dureville,20.0,178.0,76.0,FRA,1964,Innsbruck,Figure Skating,Figure Skating Men's Singles,no medal,1,1
60909,"John Coulter ""Jack"" Eastwood",19.0,183.0,65.59163987138264,CAN,1928,Sankt Moritz,Figure Skating,Figure Skating Men's Singles,no medal,1,1
61010,Jen bert,17.0,173.0,70.0,HUN,1964,Innsbruck,Figure Skating,Figure Skating Men's Singles,no medal,2,1
61011,Jen bert,21.0,173.0,70.0,HUN,1968,Grenoble,Figure Skating,Figure Skating Men's Singles,no medal,2,2
61718,Jaimee Eggleton,19.0,173.39762611275964,65.59163987138264,CAN,1984,Sarajevo,Figure Skating,Figure Skating Men's Singles,no medal,1,1
62874,Todd James Eldredge,20.0,173.0,66.0,USA,1992,Albertville,Figure Skating,Figure Skating Men's Singles,no medal,3,1
62875,Todd James Eldredge,26.0,173.0,66.0,USA,1998,Nagano,Figure Skating,Figure Skating Men's Singles,no medal,3,2
62876,Todd James Eldredge,30.0,173.0,66.0,USA,2002,Salt Lake City,Figure Skating,Figure Skating Men's Singles,no medal,3,3
63544,Karl Enderlin,24.0,173.39762611275964,65.59163987138264,SUI,1948,Sankt Moritz,Figure Skating,Figure Skating Men's Singles,no medal,1,1
65353,Lloyd Hywel Evans,19.0,175.0,64.0,GBR,1964,Innsbruck,Figure Skating,Figure Skating Men's Singles,no medal,1,1
66860,Carlo Fassi,18.0,173.39762611275964,65.59163987138264,ITA,1948,Sankt Moritz,Figure Skating,Figure Skating Men's Singles,no medal,2,1
66862,Carlo Fassi,22.0,173.39762611275964,65.59163987138264,ITA,1952,Oslo,Figure Skating,Figure Skating Men's Singles,no medal,2,2
67194,Gheorghe Fazeka,14.0,170.0,59.0,ROU,1972,Sapporo,Figure Skating,Figure Skating Men's Singles,no medal,1,1
67670,Norbert Felsinger,16.0,173.39762611275964,65.59163987138264,AUT,1956,Cortina d'Ampezzo,Figure Skating,Figure Skating Men's Singles,no medal,2,1
67671,Norbert Felsinger,20.0,173.39762611275964,65.59163987138264,AUT,1960,Squaw Valley,Figure Skating,Figure Skating Men's Singles,no medal,2,2
68174,Javier Fernndez Lpez,18.0,171.0,61.0,ESP,2010,Vancouver,Figure Skating,Figure Skating Men's Singles,no medal,2,1
68175,Javier Fernndez Lpez,22.0,171.0,61.0,ESP,2014,Sochi,Figure Skating,Figure Skating Men's Singles,no medal,2,2
69337,Grzegorz Filipowski,17.0,172.0,57.0,POL,1984,Sarajevo,Figure Skating,Figure Skating Men's Singles,no medal,3,1
69338,Grzegorz Filipowski,21.0,172.0,57.0,POL,1988,Calgary,Figure Skating,Figure Skating Men's Singles,no medal,3,2
69339,Grzegorz Filipowski,25.0,172.0,57.0,POL,1992,Albertville,Figure Skating,Figure Skating Men's Singles,no medal,3,3
69622,Peter Firstbrook,18.0,173.39762611275964,65.59163987138264,CAN,1952,Oslo,Figure Skating,Figure Skating Men's Singles,no medal,1,1
69651,Liam Firus,21.0,170.0,68.0,CAN,2014,Sochi,Figure Skating,Figure Skating Men's Singles,no medal,1,1
72290,Paul Franke,21.983436853002072,173.39762611275964,65.59163987138264,GER,1928,Sankt Moritz,Figure Skating,Figure Skating Men's Singles,no medal,1,1
74673,Didier Gailhaguet,19.0,174.0,66.0,FRA,1972,Sapporo,Figure Skating,Figure Skating Men's Singles,no medal,1,1
75588,Allan Ganter,17.0,173.39762611275964,65.59163987138264,AUS,1956,Cortina d'Ampezzo,Figure Skating,Figure Skating Men's Singles,no medal,1,1
77080,Georges Harold Roger Gautschi,19.0,173.39762611275964,65.59163987138264,SUI,1924,Chamonix,Figure Skating,Figure Skating Men's Singles,Bronze,1,1
77353,Misha Tszyunovich Ge,22.0,173.0,65.59163987138264,UZB,2014,Sochi,Figure Skating,Figure Skating Men's Singles,no medal,1,1
78357,Markus Arthur Germann,21.0,173.39762611275964,65.59163987138264,SUI,1964,Innsbruck,Figure Skating,Figure Skating Men's Singles,no medal,1,1
78460,Hans Gerschwiler,26.0,173.39762611275964,65.59163987138264,SUI,1948,Sankt Moritz,Figure Skating,Figure Skating Men's Singles,Silver,1,1
78737,Cornel Gheorghe,22.0,173.0,68.0,ROU,1994,Lillehammer,Figure Skating,Figure Skating Men's Singles,no medal,2,1
78738,Cornel Gheorghe,26.0,173.0,68.0,ROU,1998,Nagano,Figure Skating,Figure Skating Men's Singles,no medal,2,2
79352,Alain C. Giletti,12.0,173.39762611275964,65.59163987138264,FRA,1952,Oslo,Figure Skating,Figure Skating Men's Singles,no medal,3,1
79353,Alain C. Giletti,16.0,173.39762611275964,65.59163987138264,FRA,1956,Cortina d'Ampezzo,Figure Skating,Figure Skating Men's Singles,no medal,3,2
79354,Alain C. Giletti,20.0,173.39762611275964,65.59163987138264,FRA,1960,Squaw Valley,Figure Skating,Figure Skating Men's Singles,no medal,3,3
80737,Timothy Richard Goebel,21.0,170.0,61.0,USA,2002,Salt Lake City,Figure Skating,Figure Skating Men's Singles,Bronze,1,1
83182,Gillis Emanuel Grafstrm,30.0,173.39762611275964,65.59163987138264,SWE,1924,Chamonix,Figure Skating,Figure Skating Men's Singles,Gold,4,2
83183,Gillis Emanuel Grafstrm,34.0,173.39762611275964,65.59163987138264,SWE,1928,Sankt Moritz,Figure Skating,Figure Skating Men's Singles,Gold,4,3
83184,Gillis Emanuel Grafstrm,38.0,173.39762611275964,65.59163987138264,SWE,1932,Lake Placid,Figure Skating,Figure Skating Men's Singles,Silver,4,4
84901,"James David ""Jim"" Grogan",16.0,173.39762611275964,65.59163987138264,USA,1948,Sankt Moritz,Figure Skating,Figure Skating Men's Singles,no medal,2,1
84902,"James David ""Jim"" Grogan",20.0,173.39762611275964,65.59163987138264,USA,1952,Oslo,Figure Skating,Figure Skating Men's Singles,Bronze,2,2
85530,Peter Grtter,21.0,173.39762611275964,65.59163987138264,SUI,1964,Innsbruck,Figure Skating,Figure Skating Men's Singles,no medal,1,1
86745,Guo Zhengxin,18.0,173.0,68.0,CHN,1998,Nagano,Figure Skating,Figure Skating Men's Singles,no medal,1,1
87227,Tilo Gutzeit,17.0,173.39762611275964,65.59163987138264,GER,1956,Cortina d'Ampezzo,Figure Skating,Figure Skating Men's Singles,no medal,2,1
87228,Tilo Gutzeit,22.0,173.39762611275964,65.59163987138264,GER,1960,Squaw Valley,Figure Skating,Figure Skating Men's Singles,no medal,2,2
89351,Scott Scovell Hamilton,21.0,160.0,50.0,USA,1980,Lake Placid,Figure Skating,Figure Skating Men's Singles,no medal,2,1
89352,Scott Scovell Hamilton,25.0,160.0,50.0,USA,1984,Sarajevo,Figure Skating,Figure Skating Men's Singles,Gold,2,2
89700,Han Jong-In,27.0,170.0,60.0,PRK,2006,Torino,Figure Skating,Figure Skating Men's Singles,no medal,1,1
90550,Yuzuru Hanyu,19.0,171.0,65.59163987138264,JPN,2014,Sochi,Figure Skating,Figure Skating Men's Singles,Gold,1,1
91547,Tsugio Hasegawa,22.0,173.39762611275964,65.59163987138264,JPN,1936,Garmisch-Partenkirchen,Figure Skating,Figure Skating Men's Singles,no medal,1,1
94031,Jorik Hendrickx,21.0,175.0,65.59163987138264,BEL,2014,Sochi,Figure Skating,Figure Skating Men's Singles,no medal,1,1
95016,Margus Hernits,17.0,174.0,62.0,EST,1994,Lillehammer,Figure Skating,Figure Skating Men's Singles,no medal,3,1
95017,Margus Hernits,21.0,174.0,62.0,EST,1998,Nagano,Figure Skating,Figure Skating Men's Singles,no medal,3,2
95018,Margus Hernits,25.0,174.0,62.0,EST,2002,Salt Lake City,Figure Skating,Figure Skating Men's Singles,no medal,3,3
95825,Yutaka Higuchi,18.0,172.0,60.0,JPN,1968,Grenoble,Figure Skating,Figure Skating Men's Singles,no medal,2,1
95826,Yutaka Higuchi,22.0,172.0,60.0,JPN,1972,Sapporo,Figure Skating,Figure Skating Men's Singles,no medal,2,2
95946,George Edward Bellows Hill,28.0,173.39762611275964,65.59163987138264,USA,1936,Garmisch-Partenkirchen,Figure Skating,Figure Skating Men's Singles,no medal,1,1
96665,Ho Gang,12.0,173.39762611275964,65.59163987138264,PRK,1988,Calgary,Figure Skating,Figure Skating Men's Singles,no medal,1,1
96884,Yakiv Semenovych Hodorozha,20.0,183.0,81.0,UKR,2014,Sochi,Figure Skating,Figure Skating Men's Singles,no medal,1,1
98191,Takeshi Honda,16.0,168.0,62.0,JPN,1998,Nagano,Figure Skating,Figure Skating Men's Singles,no medal,2,1
98192,Takeshi Honda,20.0,168.0,62.0,JPN,2002,Salt Lake City,Figure Skating,Figure Skating Men's Singles,no medal,2,2
98222,Oliver Hner,21.0,172.0,64.0,SUI,1988,Calgary,Figure Skating,Figure Skating Men's Singles,no medal,1,1
99456,Christopher Howarth,19.0,173.39762611275964,65.59163987138264,GBR,1980,Lake Placid,Figure Skating,Figure Skating Men's Singles,no medal,1,1
99602,Monty Hoyt,19.0,184.0,68.0,USA,1964,Innsbruck,Figure Skating,Figure Skating Men's Singles,no medal,1,1
100890,"James Clarke ""Jay"" Humphry",19.0,172.0,63.0,CAN,1968,Grenoble,Figure Skating,Figure Skating Men's Singles,no medal,1,1
101416,"Steven ""Steve"" Hutchinson",18.0,185.0,72.0,CAN,1968,Grenoble,Figure Skating,Figure Skating Men's Singles,no medal,1,1
102113,Fumio Igarashi,21.0,167.0,62.0,JPN,1980,Lake Placid,Figure Skating,Figure Skating Men's Singles,no medal,1,1
104788,Panu Oula Jskelinen,22.0,189.0,80.0,FIN,1992,Albertville,Figure Skating,Figure Skating Men's Singles,no medal,1,1
104914,"Donald George ""Don"" Jackson",19.0,173.39762611275964,65.59163987138264,CAN,1960,Squaw Valley,Figure Skating,Figure Skating Men's Singles,Bronze,1,1
107404,David Wilkinson Jenkins,19.0,173.39762611275964,65.59163987138264,USA,1956,Cortina d'Ampezzo,Figure Skating,Figure Skating Men's Singles,Bronze,2,1
107405,David Wilkinson Jenkins,23.0,173.39762611275964,65.59163987138264,USA,1960,Squaw Valley,Figure Skating,Figure Skating Men's Singles,Gold,2,2
107416,Hayes Alan Jenkins,18.0,173.39762611275964,65.59163987138264,USA,1952,Oslo,Figure Skating,Figure Skating Men's Singles,no medal,2,1
107417,Hayes Alan Jenkins,22.0,173.39762611275964,65.59163987138264,USA,1956,Cortina d'Ampezzo,Figure Skating,Figure Skating Men's Singles,Gold,2,2
109255,Lars Magnus Peter Johansson,20.0,181.0,71.0,SWE,1988,Calgary,Figure Skating,Figure Skating Men's Singles,no medal,1,1
109947,Peter Jonas,18.0,176.0,70.0,AUT,1960,Squaw Valley,Figure Skating,Figure Skating Men's Singles,no medal,2,1
109948,Peter Jonas,22.0,176.0,70.0,AUT,1964,Innsbruck,Figure Skating,Figure Skating Men's Singles,no medal,2,2
110089,Glyn Jones,22.0,173.39762611275964,65.59163987138264,GBR,1976,Innsbruck,Figure Skating,Figure Skating Men's Singles,no medal,1,1
110207,Christopher Robin Jones,16.0,173.39762611275964,65.59163987138264,GBR,1960,Squaw Valley,Figure Skating,Figure Skating Men's Singles,no medal,1,1
110716,Brian Joubert,17.0,179.0,74.0,FRA,2002,Salt Lake City,Figure Skating,Figure Skating Men's Singles,no medal,4,1
110717,Brian Joubert,21.0,179.0,74.0,FRA,2006,Torino,Figure Skating,Figure Skating Men's Singles,no medal,4,2
110718,Brian Joubert,25.0,179.0,74.0,FRA,2010,Vancouver,Figure Skating,Figure Skating Men's Singles,no medal,4,3
110719,Brian Joubert,29.0,179.0,74.0,FRA,2014,Sochi,Figure Skating,Figure Skating Men's Singles,no medal,4,4
111284,Jung Sung-Il,18.0,173.0,67.0,KOR,1988,Calgary,Figure Skating,Figure Skating Men's Singles,no medal,3,1
111285,Jung Sung-Il,22.0,173.0,67.0,KOR,1992,Albertville,Figure Skating,Figure Skating Men's Singles,no medal,3,2
111286,Jung Sung-Il,24.0,173.0,67.0,KOR,1994,Lillehammer,Figure Skating,Figure Skating Men's Singles,no medal,3,3
111876,Masakazu Kagiyama,20.0,160.0,60.0,JPN,1992,Albertville,Figure Skating,Figure Skating Men's Singles,no medal,2,1
111877,Masakazu Kagiyama,22.0,160.0,60.0,JPN,1994,Lillehammer,Figure Skating,Figure Skating Men's Singles,no medal,2,2
113036,Makoto Kano,21.0,176.0,67.0,JPN,1988,Calgary,Figure Skating,Figure Skating Men's Singles,no medal,1,1
114297,Felix Kaspar,21.0,173.39762611275964,65.59163987138264,AUT,1936,Garmisch-Partenkirchen,Figure Skating,Figure Skating Men's Singles,Bronze,1,1
114459,Toshiichi Katayama,22.0,173.39762611275964,65.59163987138264,JPN,1936,Garmisch-Partenkirchen,Figure Skating,Figure Skating Men's Singles,no medal,1,1
115080,Rbert Kaimr,19.0,173.0,62.0,SVK,1998,Nagano,Figure Skating,Figure Skating Men's Singles,no medal,1,1
115205,Charles Keeble,22.0,173.39762611275964,65.59163987138264,AUS,1956,Cortina d'Ampezzo,Figure Skating,Figure Skating Men's Singles,no medal,1,1
115422,Zoltan Kelemen,23.0,171.0,65.0,ROU,2010,Vancouver,Figure Skating,Figure Skating Men's Singles,no medal,2,1
115423,Zoltan Kelemen,27.0,171.0,65.0,ROU,2014,Sochi,Figure Skating,Figure Skating Men's Singles,no medal,2,2
116243,Brendan Kerry,19.0,170.0,65.59163987138264,AUS,2014,Sochi,Figure Skating,Figure Skating Men's Singles,no medal,1,1
119760,Ede Kirly,21.0,173.39762611275964,65.59163987138264,HUN,1948,Sankt Moritz,Figure Skating,Figure Skating Men's Singles,no medal,1,1
120657,Luka Klasinc,18.0,173.39762611275964,65.59163987138264,SLO,1992,Albertville,Figure Skating,Figure Skating Men's Singles,no medal,1,1
121153,Ilya Sergeyevich Klimkin,25.0,169.0,65.0,RUS,2006,Torino,Figure Skating,Figure Skating Men's Singles,no medal,1,1
121626,Donald Knight,16.0,173.39762611275964,65.59163987138264,CAN,1964,Innsbruck,Figure Skating,Figure Skating Men's Singles,no medal,1,1
124053,Hubert Ernst Kpfler,24.0,173.39762611275964,65.59163987138264,SUI,1960,Squaw Valley,Figure Skating,Figure Skating Men's Singles,no medal,1,1
124122,Ronald Koppelent,20.0,173.39762611275964,65.59163987138264,AUT,1976,Innsbruck,Figure Skating,Figure Skating Men's Singles,no medal,1,1
125059,Konstantns Kostins,18.0,170.0,60.0,LAT,1992,Albertville,Figure Skating,Figure Skating Men's Singles,no medal,1,1
125773,Anton Volodymyrovych Kovalevskiy,20.0,171.0,57.0,UKR,2006,Torino,Figure Skating,Figure Skating Men's Singles,no medal,2,1
125774,Anton Volodymyrovych Kovalevskiy,24.0,171.0,57.0,UKR,2010,Vancouver,Figure Skating,Figure Skating Men's Singles,no medal,2,2
126177,Takahiko Kozuka,20.0,170.0,58.0,JPN,2010,Vancouver,Figure Skating,Figure Skating Men's Singles,no medal,1,1
126178,Tsuguhiko Kozuka,21.0,168.0,63.0,JPN,1968,Grenoble,Figure Skating,Figure Skating Men's Singles,no medal,1,1
128091,Terry Paul Kubicka,19.0,173.39762611275964,65.59163987138264,USA,1976,Innsbruck,Figure Skating,Figure Skating Men's Singles,no medal,1,1
128813,Ilya Aleksandrovich Kulik,20.0,179.0,74.0,RUS,1998,Nagano,Figure Skating,Figure Skating Men's Singles,Gold,1,1
131480,Stphane Lambiel,16.0,174.0,61.0,SUI,2002,Salt Lake City,Figure Skating,Figure Skating Men's Singles,no medal,3,1
131481,Stphane Lambiel,20.0,174.0,61.0,SUI,2006,Torino,Figure Skating,Figure Skating Men's Singles,Silver,3,2
131482,Stphane Lambiel,24.0,174.0,61.0,SUI,2010,Vancouver,Figure Skating,Figure Skating Men's Singles,no medal,3,3
131972,"Jeffrey ""Jeff"" Langdon",22.0,175.0,66.0,CAN,1998,Nagano,Figure Skating,Figure Skating Men's Singles,no medal,1,1
134936,Lee Gwang-Yeong,21.0,168.0,65.0,KOR,1968,Grenoble,Figure Skating,Figure Skating Men's Singles,no medal,1,1
135248,Lee Kyu-Hyun,17.0,180.0,70.0,KOR,1998,Nagano,Figure Skating,Figure Skating Men's Singles,no medal,2,1
135249,Lee Kyu-Hyun,21.0,180.0,70.0,KOR,2002,Salt Lake City,Figure Skating,Figure Skating Men's Singles,no medal,2,2
135316,Robin Huntington Lee,16.0,173.39762611275964,65.59163987138264,USA,1936,Garmisch-Partenkirchen,Figure Skating,Figure Skating Men's Singles,no medal,1,1
135616,Fernand Leemans,22.0,173.39762611275964,65.59163987138264,BEL,1948,Sankt Moritz,Figure Skating,Figure Skating Men's Singles,no medal,1,1
137202,Juha Pekka Leskinen,21.0,183.0,68.0,FIN,1976,Innsbruck,Figure Skating,Figure Skating Men's Singles,no medal,1,1
137346,John A. Lettengarver,18.0,173.39762611275964,65.59163987138264,USA,1948,Sankt Moritz,Figure Skating,Figure Skating Men's Singles,no medal,1,1
137920,Li Chengjiang,22.0,170.0,61.0,CHN,2002,Salt Lake City,Figure Skating,Figure Skating Men's Singles,no medal,2,1
137921,Li Chengjiang,26.0,170.0,61.0,CHN,2006,Torino,Figure Skating,Figure Skating Men's Singles,no medal,2,2
138341,Li Su-Min,17.0,173.39762611275964,65.59163987138264,PRK,1992,Albertville,Figure Skating,Figure Skating Men's Singles,no medal,1,1
138532,Li Yunfei,22.0,172.0,66.0,CHN,2002,Salt Lake City,Figure Skating,Figure Skating Men's Singles,no medal,1,1
138816,Peter Liebers,25.0,170.0,65.59163987138264,GER,2014,Sochi,Figure Skating,Figure Skating Men's Singles,no medal,1,1
139645,Stefan Lindemann,25.0,162.0,60.0,GER,2006,Torino,Figure Skating,Figure Skating Men's Singles,no medal,2,1
139646,Stefan Lindemann,29.0,162.0,60.0,GER,2010,Vancouver,Figure Skating,Figure Skating Men's Singles,no medal,2,2
140067,Leopold Linhart,21.0,173.39762611275964,65.59163987138264,AUT,1936,Garmisch-Partenkirchen,Figure Skating,Figure Skating Men's Singles,no medal,1,1
140517,Yury Gennadyevich Litvinov,19.0,170.0,62.0,KAZ,1998,Nagano,Figure Skating,Figure Skating Men's Singles,no medal,1,1
140520,Thomas Jeffrey Litz,18.0,174.0,64.0,USA,1964,Innsbruck,Figure Skating,Figure Skating Men's Singles,no medal,1,1
140524,"Yueming ""Anthony"" Liu",23.0,168.0,60.0,AUS,1998,Nagano,Figure Skating,Figure Skating Men's Singles,no medal,2,1
140525,"Yueming ""Anthony"" Liu",27.0,168.0,60.0,AUS,2002,Salt Lake City,Figure Skating,Figure Skating Men's Singles,no medal,2,2
140546,David Liu,22.0,168.0,56.0,TPE,1988,Calgary,Figure Skating,Figure Skating Men's Singles,no medal,3,1
140547,David Liu,26.0,168.0,56.0,TPE,1992,Albertville,Figure Skating,Figure Skating Men's Singles,no medal,3,2
140548,David Liu,32.0,168.0,56.0,TPE,1998,Nagano,Figure Skating,Figure Skating Men's Singles,no medal,3,3
142563,Gnther Lorenz,20.0,173.39762611275964,65.59163987138264,GER,1936,Garmisch-Partenkirchen,Figure Skating,Figure Skating Men's Singles,no medal,1,1
144806,Evan Frank Lysacek,20.0,188.0,73.0,USA,2006,Torino,Figure Skating,Figure Skating Men's Singles,no medal,2,1
144807,Evan Frank Lysacek,24.0,188.0,73.0,USA,2010,Vancouver,Figure Skating,Figure Skating Men's Singles,Gold,2,2
145366,Tatsuki Machida,23.0,162.0,65.59163987138264,JPN,2014,Sochi,Figure Skating,Figure Skating Men's Singles,no medal,1,1
145819,James Lester Madden,22.0,173.39762611275964,65.59163987138264,USA,1932,Lake Placid,Figure Skating,Figure Skating Men's Singles,no medal,2,1
147007,Alexandre Majorov,22.0,167.0,68.0,SWE,2014,Sochi,Figure Skating,Figure Skating Men's Singles,no medal,1,1
147640,Andr Malinet,21.983436853002072,173.39762611275964,65.59163987138264,FRA,1924,Chamonix,Figure Skating,Figure Skating Men's Singles,no medal,1,1
151061,Michael Christian Martinez,17.0,172.0,65.59163987138264,PHI,2014,Sochi,Figure Skating,Figure Skating Men's Singles,no medal,1,1
152627,Mitsuru Matsumura,18.0,167.0,59.0,JPN,1976,Innsbruck,Figure Skating,Figure Skating Men's Singles,no medal,2,1
152628,Mitsuru Matsumura,22.0,167.0,59.0,JPN,1980,Lake Placid,Figure Skating,Figure Skating Men's Singles,no medal,2,2
153283,"Hellmuth Rolf Richard Johannes ""Hellmut"" May",14.0,173.39762611275964,65.59163987138264,AUT,1936,Garmisch-Partenkirchen,Figure Skating,Figure Skating Men's Singles,no medal,2,1
153284,"Hellmuth Rolf Richard Johannes ""Hellmut"" May",26.0,173.39762611275964,65.59163987138264,AUT,1948,Sankt Moritz,Figure Skating,Figure Skating Men's Singles,no medal,2,2
154466,David Lachlan McGillivray,18.0,167.0,58.0,CAN,1968,Grenoble,Figure Skating,Figure Skating Men's Singles,no medal,1,1
154724,"Gordon Riley ""Gordie"" McKellen, Jr.",18.0,160.0,65.0,USA,1972,Sapporo,Figure Skating,Figure Skating Men's Singles,no medal,1,1
155253,John Donald McPherson,14.0,173.39762611275964,65.59163987138264,CAN,1960,Squaw Valley,Figure Skating,Figure Skating Men's Singles,no medal,1,1
155465,Axel Mdric,17.0,173.39762611275964,65.59163987138264,FRA,1988,Calgary,Figure Skating,Figure Skating Men's Singles,no medal,1,1
155472,Cameron Bradley Medhurst,18.0,162.0,56.0,AUS,1984,Sarajevo,Figure Skating,Figure Skating Men's Singles,no medal,3,1
155473,Cameron Bradley Medhurst,22.0,162.0,56.0,AUS,1988,Calgary,Figure Skating,Figure Skating Men's Singles,no medal,3,2
155474,Cameron Bradley Medhurst,26.0,162.0,56.0,AUS,1992,Albertville,Figure Skating,Figure Skating Men's Singles,no medal,3,3
155826,Patrick Meier,21.0,170.0,69.0,SUI,1998,Nagano,Figure Skating,Figure Skating Men's Singles,no medal,1,1
157419,"Frdricus Alexis Edwardus Alick ""Freddy"" Msot",18.0,174.0,65.59163987138264,BEL,1924,Chamonix,Figure Skating,Figure Skating Men's Singles,no medal,1,1
159305,ric Millot,23.0,165.0,53.0,FRA,1992,Albertville,Figure Skating,Figure Skating Men's Singles,no medal,2,1
159306,ric Millot,25.0,165.0,53.0,FRA,1994,Lillehammer,Figure Skating,Figure Skating Men's Singles,no medal,2,2
164887,Jacques Mrozek,17.0,171.0,65.0,FRA,1968,Grenoble,Figure Skating,Figure Skating Men's Singles,no medal,2,1
164888,Jacques Mrozek,21.0,171.0,65.0,FRA,1972,Sapporo,Figure Skating,Figure Skating Men's Singles,no medal,2,2
165386,Hans Mller,24.0,173.39762611275964,65.59163987138264,SUI,1956,Cortina d'Ampezzo,Figure Skating,Figure Skating Men's Singles,no medal,3,2
166116,Aleksandr Aleksandrovich Murashko,22.0,174.0,63.0,BLR,1994,Lillehammer,Figure Skating,Figure Skating Men's Singles,no medal,1,1
166126,Mitsuhiro Murata,22.0,173.0,68.0,JPN,1992,Albertville,Figure Skating,Figure Skating Men's Singles,no medal,1,1
166486,Vakht'ang Murvanidze,22.0,173.0,64.0,GEO,2002,Salt Lake City,Figure Skating,Figure Skating Men's Singles,no medal,2,1
166487,Vakht'ang Murvanidze,26.0,173.0,64.0,GEO,2006,Torino,Figure Skating,Figure Skating Men's Singles,no medal,2,2
167462,William Joseph Nagle,46.0,173.39762611275964,65.59163987138264,USA,1932,Lake Placid,Figure Skating,Figure Skating Men's Singles,no medal,1,1
169022,"William ""Bill"" Neale",20.0,173.39762611275964,65.59163987138264,CAN,1964,Innsbruck,Figure Skating,Figure Skating Men's Singles,no medal,1,1
169254,Marius-Cristian Negrea,27.0,173.39762611275964,65.59163987138264,ROU,1992,Albertville,Figure Skating,Figure Skating Men's Singles,no medal,2,1
169255,Marius-Cristian Negrea,29.0,173.39762611275964,65.59163987138264,ROU,1994,Lillehammer,Figure Skating,Figure Skating Men's Singles,no medal,2,2
171579,Marcus Rafael Nikkanen,24.0,173.39762611275964,65.59163987138264,FIN,1928,Sankt Moritz,Figure Skating,Figure Skating Men's Singles,no medal,3,1
171580,Marcus Rafael Nikkanen,28.0,173.39762611275964,65.59163987138264,FIN,1932,Lake Placid,Figure Skating,Figure Skating Men's Singles,no medal,3,2
171581,Marcus Rafael Nikkanen,32.0,173.39762611275964,65.59163987138264,FIN,1936,Garmisch-Partenkirchen,Figure Skating,Figure Skating Men's Singles,no medal,3,3
171809,Nathaniel William Niles,37.0,173.39762611275964,65.59163987138264,USA,1924,Chamonix,Figure Skating,Figure Skating Men's Singles,no medal,3,2
171811,Nathaniel William Niles,41.0,173.39762611275964,65.59163987138264,USA,1928,Sankt Moritz,Figure Skating,Figure Skating Men's Singles,no medal,3,3
173958,Ari-Pekka Nurmenkari,26.0,180.0,75.0,FIN,2010,Vancouver,Figure Skating,Figure Skating Men's Singles,no medal,1,1
174649,Lars Thomaz berg,21.0,180.0,65.0,SWE,1980,Lake Placid,Figure Skating,Figure Skating Men's Singles,no medal,1,1
174765,Ryuichi Obitani,23.0,173.39762611275964,65.59163987138264,JPN,1932,Lake Placid,Figure Skating,Figure Skating Men's Singles,no medal,1,1
175087,Nobunari Oda,22.0,164.0,56.0,JPN,2010,Vancouver,Figure Skating,Figure Skating Men's Singles,no medal,1,1
175391,Masaru Ogawa,19.0,157.0,54.0,JPN,1984,Sarajevo,Figure Skating,Figure Skating Men's Singles,no medal,1,1
175713,Fumihiro Oikawa,20.0,174.0,67.0,JPN,1994,Lillehammer,Figure Skating,Figure Skating Men's Singles,no medal,1,1
175729,Kazuyoshi Oimatsu,20.0,173.39762611275964,65.59163987138264,JPN,1932,Lake Placid,Figure Skating,Figure Skating Men's Singles,no medal,2,1
175730,Kazuyoshi Oimatsu,24.0,173.39762611275964,65.59163987138264,JPN,1936,Garmisch-Partenkirchen,Figure Skating,Figure Skating Men's Singles,no medal,2,2
176217,Riccardo Olavarrieta Navarro,17.0,173.39762611275964,65.59163987138264,MEX,1988,Calgary,Figure Skating,Figure Skating Men's Singles,no medal,2,1
176218,Riccardo Olavarrieta Navarro,21.0,173.39762611275964,65.59163987138264,MEX,1992,Albertville,Figure Skating,Figure Skating Men's Singles,no medal,2,2
177652,Kurt Oppelt,19.0,173.39762611275964,65.59163987138264,AUT,1952,Oslo,Figure Skating,Figure Skating Men's Singles,no medal,2,1
178148,Brian Ernest Orser,22.0,170.0,61.0,CAN,1984,Sarajevo,Figure Skating,Figure Skating Men's Singles,Silver,2,1
178149,Brian Ernest Orser,26.0,170.0,61.0,CAN,1988,Calgary,Figure Skating,Figure Skating Men's Singles,Silver,2,2
179000,Jamal Aziz Othman,19.0,186.0,78.0,SUI,2006,Torino,Figure Skating,Figure Skating Men's Singles,no medal,1,1
179340,Haig Bertrand Oundjian,18.0,183.0,69.0,GBR,1968,Grenoble,Figure Skating,Figure Skating Men's Singles,no medal,2,1
179341,Haig Bertrand Oundjian,22.0,183.0,69.0,GBR,1972,Sapporo,Figure Skating,Figure Skating Men's Singles,no medal,2,2
179880,Franois Pache,19.0,173.39762611275964,65.59163987138264,SUI,1952,Oslo,Figure Skating,Figure Skating Men's Singles,no medal,2,1
179881,Franois Pache,23.0,173.39762611275964,65.59163987138264,SUI,1956,Cortina d'Ampezzo,Figure Skating,Figure Skating Men's Singles,no medal,2,2
180181,"John Ferguson ""Jack"" Page",21.983436853002072,173.39762611275964,65.59163987138264,GBR,1924,Chamonix,Figure Skating,Figure Skating Men's Singles,no medal,2,1
180183,"John Ferguson ""Jack"" Page",21.983436853002072,173.39762611275964,65.59163987138264,GBR,1928,Sankt Moritz,Figure Skating,Figure Skating Men's Singles,no medal,2,2
182419,Paul Bonifacio Parkinson,22.0,163.0,65.59163987138264,ITA,2014,Sochi,Figure Skating,Figure Skating Men's Singles,no medal,1,1
182856,Igor Anatolyevich Pashkevich,22.0,177.0,68.0,RUS,1994,Lillehammer,Figure Skating,Figure Skating Men's Singles,no medal,2,1
182857,Igor Anatolyevich Pashkevich,26.0,177.0,68.0,AZE,1998,Nagano,Figure Skating,Figure Skating Men's Singles,no medal,2,2
183045,Dnes Pataky,19.0,173.39762611275964,65.59163987138264,HUN,1936,Garmisch-Partenkirchen,Figure Skating,Figure Skating Men's Singles,no medal,1,1
183104,Neil Paterson,23.0,170.0,75.0,CAN,1988,Calgary,Figure Skating,Figure Skating Men's Singles,no medal,1,1
184684,Philippe Pelissier,16.0,168.0,63.0,FRA,1964,Innsbruck,Figure Skating,Figure Skating Men's Singles,no medal,2,1
184685,Philippe Pelissier,20.0,168.0,63.0,FRA,1968,Grenoble,Figure Skating,Figure Skating Men's Singles,no medal,2,2
185234,Patrick Henri Pera,19.0,176.0,70.0,FRA,1968,Grenoble,Figure Skating,Figure Skating Men's Singles,Bronze,2,1
185235,Patrick Henri Pera,23.0,176.0,70.0,FRA,1972,Sapporo,Figure Skating,Figure Skating Men's Singles,Bronze,2,2
186935,John Misha Petkevich,18.0,174.0,69.0,USA,1968,Grenoble,Figure Skating,Figure Skating Men's Singles,no medal,2,1
186936,John Misha Petkevich,22.0,174.0,69.0,USA,1972,Sapporo,Figure Skating,Figure Skating Men's Singles,no medal,2,2
187000,Nicolas Petorin,19.0,162.0,50.0,FRA,1992,Albertville,Figure Skating,Figure Skating Men's Singles,no medal,1,1
187076,Viktor Vasylovych Petrenko,24.0,178.0,69.0,UKR,1994,Lillehammer,Figure Skating,Figure Skating Men's Singles,no medal,3,3
187753,Viktor Pfeifer,18.0,182.0,62.0,AUT,2006,Torino,Figure Skating,Figure Skating Men's Singles,no medal,3,1
187754,Viktor Pfeifer,22.0,182.0,62.0,AUT,2010,Vancouver,Figure Skating,Figure Skating Men's Singles,no medal,3,2
187755,Viktor Pfeifer,26.0,182.0,62.0,AUT,2014,Sochi,Figure Skating,Figure Skating Men's Singles,no medal,3,3
190226,Yevgeny Viktorovich Plyushchenko,19.0,178.0,72.0,RUS,2002,Salt Lake City,Figure Skating,Figure Skating Men's Singles,Silver,4,1
190227,Yevgeny Viktorovich Plyushchenko,23.0,178.0,72.0,RUS,2006,Torino,Figure Skating,Figure Skating Men's Singles,Gold,4,2
190228,Yevgeny Viktorovich Plyushchenko,27.0,178.0,72.0,RUS,2010,Vancouver,Figure Skating,Figure Skating Men's Singles,Silver,4,3
190283,Brian James Pockar,20.0,173.39762611275964,65.59163987138264,CAN,1980,Lake Placid,Figure Skating,Figure Skating Men's Singles,no medal,1,1
194939,Dino Edgardo Quattrocecere,20.0,184.0,86.0,RSA,1994,Lillehammer,Figure Skating,Figure Skating Men's Singles,no medal,1,1
195402,Edi Rada,25.0,173.39762611275964,65.59163987138264,AUT,1948,Sankt Moritz,Figure Skating,Figure Skating Men's Singles,Bronze,1,1
196179,Abzal Baurzhanovich Rakhimgaliyev,17.0,170.0,62.0,KAZ,2010,Vancouver,Figure Skating,Figure Skating Men's Singles,no medal,2,1
196180,Abzal Baurzhanovich Rakhimgaliyev,21.0,170.0,62.0,KAZ,2014,Sochi,Figure Skating,Figure Skating Men's Singles,no medal,2,2
197688,Francisco Javier  Raya Buenache ,22.0,174.0,67.0,ESP,2014,Sochi,Figure Skating,Figure Skating Men's Singles,no medal,1,1
198793,Erle Charles Reiter,19.0,173.39762611275964,65.59163987138264,USA,1936,Garmisch-Partenkirchen,Figure Skating,Figure Skating Men's Singles,no medal,1,1
199611,Kevin Reynolds,23.0,177.0,60.0,CAN,2014,Sochi,Figure Skating,Figure Skating Men's Singles,no medal,1,1
199984,Alessandro Riccitelli,23.0,173.39762611275964,65.59163987138264,ITA,1988,Calgary,Figure Skating,Figure Skating Men's Singles,no medal,1,1
201174,Werner Rittberger,36.0,173.39762611275964,65.59163987138264,GER,1928,Sankt Moritz,Figure Skating,Figure Skating Men's Singles,no medal,1,1
201869,"Ronald Frederick ""Ronnie"" Robertson",18.0,173.39762611275964,65.59163987138264,USA,1956,Cortina d'Ampezzo,Figure Skating,Figure Skating Men's Singles,Silver,1,1
202006,Paul Robinson,18.0,175.0,65.0,GBR,1984,Sarajevo,Figure Skating,Figure Skating Men's Singles,no medal,2,1
202007,Paul Robinson,22.0,175.0,65.0,GBR,1988,Calgary,Figure Skating,Figure Skating Men's Singles,no medal,2,2
203024,Melville Falkner Rogers,25.0,183.0,65.59163987138264,CAN,1924,Chamonix,Figure Skating,Figure Skating Men's Singles,no medal,1,1
203618,Viktor Romanenkov,20.0,181.0,63.0,EST,2014,Sochi,Figure Skating,Figure Skating Men's Singles,no medal,1,1
206977,Sergey Rylov,26.0,171.0,65.59163987138264,AZE,2002,Salt Lake City,Figure Skating,Figure Skating Men's Singles,no medal,1,1
209800,Emanuel Sandhu,25.0,183.0,65.59163987138264,CAN,2006,Torino,Figure Skating,Figure Skating Men's Singles,no medal,1,1
210146,Minoru Sano,20.0,168.0,62.0,JPN,1976,Innsbruck,Figure Skating,Figure Skating Men's Singles,no medal,1,1
210238,David Neil Santee,18.0,173.39762611275964,65.59163987138264,USA,1976,Innsbruck,Figure Skating,Figure Skating Men's Singles,no medal,2,1
210239,David Neil Santee,22.0,173.39762611275964,65.59163987138264,USA,1980,Lake Placid,Figure Skating,Figure Skating Men's Singles,no medal,2,2
211116,Nobuo Sato,18.0,162.0,54.0,JPN,1960,Squaw Valley,Figure Skating,Figure Skating Men's Singles,no medal,2,1
211117,Nobuo Sato,22.0,162.0,54.0,JPN,1964,Innsbruck,Figure Skating,Figure Skating Men's Singles,no medal,2,2
211662,"Matthew ""Matt"" Savoie",25.0,175.0,68.0,USA,2006,Torino,Figure Skating,Figure Skating Men's Singles,no medal,1,1
211812,Shawn Sawyer,21.0,165.0,65.59163987138264,CAN,2006,Torino,Figure Skating,Figure Skating Men's Singles,no medal,1,1
212233,Karl Martin Alois Schfer,18.0,180.0,65.59163987138264,AUT,1928,Sankt Moritz,Figure Skating,Figure Skating Men's Singles,no medal,3,1
212235,Karl Martin Alois Schfer,22.0,180.0,65.59163987138264,AUT,1932,Lake Placid,Figure Skating,Figure Skating Men's Singles,Gold,3,2
212236,Karl Martin Alois Schfer,26.0,180.0,65.59163987138264,AUT,1936,Garmisch-Partenkirchen,Figure Skating,Figure Skating Men's Singles,Gold,3,3
213431,Patrick Schmit,23.0,168.0,57.0,LUX,1998,Nagano,Figure Skating,Figure Skating Men's Singles,no medal,1,1
213693,Manfred Schnelldorfer,16.0,185.0,80.0,GER,1960,Squaw Valley,Figure Skating,Figure Skating Men's Singles,no medal,2,1
213694,Manfred Schnelldorfer,20.0,185.0,80.0,GER,1964,Innsbruck,Figure Skating,Figure Skating Men's Singles,Gold,2,2
213735,"Wilhelm ""Billy"" Schober",19.0,173.39762611275964,65.59163987138264,AUS,1976,Innsbruck,Figure Skating,Figure Skating Men's Singles,no medal,1,1
213934,Sepp Schnmetzler,19.0,173.0,64.0,GER,1964,Innsbruck,Figure Skating,Figure Skating Men's Singles,no medal,1,1
214434,Adrian Alexander Konstantin Schultheiss,21.0,172.0,64.0,SWE,2010,Vancouver,Figure Skating,Figure Skating Men's Singles,no medal,1,1
214872,Wolfgang Schwarz,16.0,178.0,70.0,AUT,1964,Innsbruck,Figure Skating,Figure Skating Men's Singles,no medal,2,1
214873,Wolfgang Schwarz,20.0,178.0,70.0,AUT,1968,Grenoble,Figure Skating,Figure Skating Men's Singles,Gold,2,2
215715,Helmut Seibt,18.0,173.39762611275964,65.59163987138264,AUT,1948,Sankt Moritz,Figure Skating,Figure Skating Men's Singles,no medal,2,1
215717,Helmut Seibt,22.0,173.39762611275964,65.59163987138264,AUT,1952,Oslo,Figure Skating,Figure Skating Men's Singles,Silver,2,2
217638,Henry Graham Sharp,18.0,173.39762611275964,65.59163987138264,GBR,1936,Garmisch-Partenkirchen,Figure Skating,Figure Skating Men's Singles,no medal,2,1
217639,Henry Graham Sharp,30.0,173.39762611275964,65.59163987138264,GBR,1948,Sankt Moritz,Figure Skating,Figure Skating Men's Singles,no medal,2,2
217723,"Ronald ""Ron"" Shaver",24.0,173.39762611275964,65.59163987138264,CAN,1976,Innsbruck,Figure Skating,Figure Skating Men's Singles,no medal,1,1
218014,"Kenneth Gene ""Ken"" Shelley",20.0,170.0,59.0,USA,1972,Sapporo,Figure Skating,Figure Skating Men's Singles,no medal,2,2
218909,Michael Shmerkin,24.0,167.0,60.0,ISR,1994,Lillehammer,Figure Skating,Figure Skating Men's Singles,no medal,2,1
218910,Michael Shmerkin,28.0,167.0,60.0,ISR,1998,Nagano,Figure Skating,Figure Skating Men's Singles,no medal,2,2
220632,Jean-Christophe Simond,15.0,175.0,65.0,FRA,1976,Innsbruck,Figure Skating,Figure Skating Men's Singles,no medal,3,1
220633,Jean-Christophe Simond,19.0,175.0,65.0,FRA,1980,Lake Placid,Figure Skating,Figure Skating Men's Singles,no medal,3,2
220634,Jean-Christophe Simond,23.0,175.0,65.0,FRA,1984,Sarajevo,Figure Skating,Figure Skating Men's Singles,no medal,3,3
222437,Roman Skornyakov,21.0,176.0,60.0,UZB,1998,Nagano,Figure Skating,Figure Skating Men's Singles,no medal,2,1
222438,Roman Skornyakov,25.0,176.0,60.0,UZB,2002,Salt Lake City,Figure Skating,Figure Skating Men's Singles,no medal,2,2
222907,Michael Slipchuk,25.0,167.0,65.0,CAN,1992,Albertville,Figure Skating,Figure Skating Men's Singles,no medal,1,1
224059,Charles Frederick Theodore Snelling,18.0,168.0,70.0,CAN,1956,Cortina d'Ampezzo,Figure Skating,Figure Skating Men's Singles,no medal,2,1
224060,Charles Frederick Theodore Snelling,26.0,168.0,70.0,CAN,1964,Innsbruck,Figure Skating,Figure Skating Men's Singles,no medal,2,2
225130,Song Chol-Ri,23.0,168.0,62.0,PRK,2010,Vancouver,Figure Skating,Figure Skating Men's Singles,no medal,1,1
226403,Tim Spencer,16.0,173.39762611275964,65.59163987138264,AUS,1960,Squaw Valley,Figure Skating,Figure Skating Men's Singles,no medal,1,1
228500,Freimut Friedrich Burkart Stein,27.0,173.39762611275964,65.59163987138264,GER,1952,Oslo,Figure Skating,Figure Skating Men's Singles,no medal,1,1
229839,Elvis Stojko,19.0,170.0,71.0,CAN,1992,Albertville,Figure Skating,Figure Skating Men's Singles,no medal,4,1
229840,Elvis Stojko,21.0,170.0,71.0,CAN,1994,Lillehammer,Figure Skating,Figure Skating Men's Singles,Silver,4,2
229841,Elvis Stojko,25.0,170.0,71.0,CAN,1998,Nagano,Figure Skating,Figure Skating Men's Singles,Silver,4,3
229842,Elvis Stojko,29.0,170.0,71.0,CAN,2002,Salt Lake City,Figure Skating,Figure Skating Men's Singles,no medal,4,4
233411,Adrian Wildman Swan,19.0,173.39762611275964,65.59163987138264,AUS,1952,Oslo,Figure Skating,Figure Skating Men's Singles,no medal,1,1
235136,Daisuke Takahashi,19.0,165.0,59.0,JPN,2006,Torino,Figure Skating,Figure Skating Men's Singles,no medal,3,1
235137,Daisuke Takahashi,23.0,165.0,59.0,JPN,2010,Vancouver,Figure Skating,Figure Skating Men's Singles,Bronze,3,2
235138,Daisuke Takahashi,27.0,165.0,59.0,JPN,2014,Sochi,Figure Skating,Figure Skating Men's Singles,no medal,3,3
235446,Yosuke Takeuchi,22.0,165.0,58.0,JPN,2002,Salt Lake City,Figure Skating,Figure Skating Men's Singles,no medal,1,1
235834,Yamato Tamura,18.0,172.0,62.0,JPN,1998,Nagano,Figure Skating,Figure Skating Men's Singles,no medal,1,1
236810,Oleg Stanislavovich Tataurov,21.0,172.0,69.0,RUS,1994,Lillehammer,Figure Skating,Figure Skating Men's Singles,no medal,1,1
237552,Denis Yuryevich Ten,16.0,164.0,55.0,KAZ,2010,Vancouver,Figure Skating,Figure Skating Men's Singles,no medal,2,1
237553,Denis Yuryevich Ten,20.0,164.0,55.0,KAZ,2014,Sochi,Figure Skating,Figure Skating Men's Singles,Bronze,2,2
237958,Elemr Tertk (Tardonfalvy),17.0,173.39762611275964,65.59163987138264,HUN,1936,Garmisch-Partenkirchen,Figure Skating,Figure Skating Men's Singles,no medal,1,1
239977,"Charles Frederick ""Charlie"" Tickner",26.0,173.39762611275964,65.59163987138264,USA,1980,Lake Placid,Figure Skating,Figure Skating Men's Singles,Bronze,1,1
241495,"Frederick William Edwin ""Freddie"" Tomlins",16.0,173.39762611275964,65.59163987138264,GBR,1936,Garmisch-Partenkirchen,Figure Skating,Figure Skating Men's Singles,no medal,1,1
242435,Zoltn Tth,22.0,185.0,70.0,HUN,2002,Salt Lake City,Figure Skating,Figure Skating Men's Singles,no medal,2,1
242436,Zoltn Tth,26.0,185.0,70.0,HUN,2006,Torino,Figure Skating,Figure Skating Men's Singles,no medal,2,2
245231,Roger Felix Turner,26.0,173.39762611275964,65.59163987138264,USA,1928,Sankt Moritz,Figure Skating,Figure Skating Men's Singles,no medal,2,1
245232,Roger Felix Turner,30.0,173.39762611275964,65.59163987138264,USA,1932,Lake Placid,Figure Skating,Figure Skating Men's Singles,no medal,2,2
245299,Roman Turuanco,18.0,173.39762611275964,65.59163987138264,ROU,1936,Garmisch-Partenkirchen,Figure Skating,Figure Skating Men's Singles,no medal,1,1
245363,Kalle Kustaa Tuulos,21.0,173.39762611275964,65.59163987138264,FIN,1952,Oslo,Figure Skating,Figure Skating Men's Singles,no medal,2,1
245364,Kalle Kustaa Tuulos,25.0,173.39762611275964,65.59163987138264,FIN,1956,Cortina d'Ampezzo,Figure Skating,Figure Skating Men's Singles,no medal,2,2
245524,Michael Johannes Malmin Tyllesen,20.0,186.0,74.0,DEN,1994,Lillehammer,Figure Skating,Figure Skating Men's Singles,no medal,2,1
245525,Michael Johannes Malmin Tyllesen,24.0,186.0,74.0,DEN,1998,Nagano,Figure Skating,Figure Skating Men's Singles,no medal,2,2
246561,Gregor Urbas,23.0,177.0,70.0,SLO,2006,Torino,Figure Skating,Figure Skating Men's Singles,no medal,2,1
246562,Gregor Urbas,27.0,177.0,70.0,SLO,2010,Vancouver,Figure Skating,Figure Skating Men's Singles,no medal,2,2
246649,Aleksey Yevgenyevich Urmanov,20.0,179.0,72.0,RUS,1994,Lillehammer,Figure Skating,Figure Skating Men's Singles,Gold,2,2
247292,Lszl Vajda,21.0,173.39762611275964,65.59163987138264,HUN,1976,Innsbruck,Figure Skating,Figure Skating Men's Singles,no medal,1,1
247575,Henrik Pedersen Valentin,24.0,173.39762611275964,65.59163987138264,DEN,1992,Albertville,Figure Skating,Figure Skating Men's Singles,no medal,1,1
248556,Kevin Van der Perren,19.0,176.0,70.0,BEL,2002,Salt Lake City,Figure Skating,Figure Skating Men's Singles,no medal,3,1
248557,Kevin Van der Perren,23.0,176.0,70.0,BEL,2006,Torino,Figure Skating,Figure Skating Men's Singles,no medal,3,2
248558,Kevin Van der Perren,27.0,176.0,70.0,BEL,2010,Vancouver,Figure Skating,Figure Skating Men's Singles,no medal,3,3
249656,Robert Van Zeebroeck,18.0,173.39762611275964,65.59163987138264,BEL,1928,Sankt Moritz,Figure Skating,Figure Skating Men's Singles,Bronze,1,1
251747,Tom Verner,19.0,180.0,72.0,CZE,2006,Torino,Figure Skating,Figure Skating Men's Singles,no medal,3,1
251748,Tom Verner,23.0,180.0,72.0,CZE,2010,Vancouver,Figure Skating,Figure Skating Men's Singles,no medal,3,2
251749,Tom Verner,27.0,180.0,72.0,CZE,2014,Sochi,Figure Skating,Figure Skating Men's Singles,no medal,3,3
252135,Gilberto Viadana,18.0,174.0,72.0,ITA,1992,Albertville,Figure Skating,Figure Skating Men's Singles,no medal,2,1
252136,Gilberto Viadana,24.0,174.0,72.0,ITA,1998,Nagano,Figure Skating,Figure Skating Men's Singles,no medal,2,2
252437,Szabolcs Vidrai,20.0,177.0,74.0,HUN,1998,Nagano,Figure Skating,Figure Skating Men's Singles,no medal,1,1
252849,Daro Villalba Flores,16.0,173.39762611275964,65.59163987138264,ESP,1956,Cortina d'Ampezzo,Figure Skating,Figure Skating Men's Singles,no medal,1,1
253229,Gary Charles Visconti,22.0,161.0,55.0,USA,1968,Grenoble,Figure Skating,Figure Skating Men's Singles,no medal,1,1
253555,Andrejs Vlaenko,19.0,173.39762611275964,65.59163987138264,LAT,1994,Lillehammer,Figure Skating,Figure Skating Men's Singles,no medal,1,1
257447,Zenjiro Watanabe,21.0,173.39762611275964,65.59163987138264,JPN,1936,Garmisch-Partenkirchen,Figure Skating,Figure Skating Men's Singles,no medal,1,1
258441,"John Garvin ""Johnny"" Weir (-Voronov)",21.0,175.0,63.0,USA,2006,Torino,Figure Skating,Figure Skating Men's Singles,no medal,2,1
258442,"John Garvin ""Johnny"" Weir (-Voronov)",25.0,175.0,63.0,USA,2010,Vancouver,Figure Skating,Figure Skating Men's Singles,no medal,2,2
258548,Michael G. Weiss,21.0,173.0,73.0,USA,1998,Nagano,Figure Skating,Figure Skating Men's Singles,no medal,2,1
258549,Michael G. Weiss,25.0,173.0,73.0,USA,2002,Salt Lake City,Figure Skating,Figure Skating Men's Singles,no medal,2,2
261070,Michael Thorpe Williams,20.0,167.0,54.0,GBR,1968,Grenoble,Figure Skating,Figure Skating Men's Singles,no medal,1,1
261422,"William Stewart Montgomery ""Bud"" Wilson",18.0,182.0,65.59163987138264,CAN,1928,Sankt Moritz,Figure Skating,Figure Skating Men's Singles,no medal,3,1
261423,"William Stewart Montgomery ""Bud"" Wilson",22.0,182.0,65.59163987138264,CAN,1932,Lake Placid,Figure Skating,Figure Skating Men's Singles,Bronze,3,2
261425,"William Stewart Montgomery ""Bud"" Wilson",26.0,182.0,65.59163987138264,CAN,1936,Garmisch-Partenkirchen,Figure Skating,Figure Skating Men's Singles,no medal,3,3
262796,"Timothy Lyle ""Tim"" Wood",19.0,178.0,68.0,USA,1968,Grenoble,Figure Skating,Figure Skating Men's Singles,Silver,1,1
263150,Ludwig Wrede,33.0,173.39762611275964,65.59163987138264,AUT,1928,Sankt Moritz,Figure Skating,Figure Skating Men's Singles,no medal,1,1
263666,Paul Stanton Wylie,23.0,162.0,56.0,USA,1988,Calgary,Figure Skating,Figure Skating Men's Singles,no medal,2,1
263667,Paul Stanton Wylie,27.0,162.0,56.0,USA,1992,Albertville,Figure Skating,Figure Skating Men's Singles,Silver,2,2
263998,Xu Zhaoxiao,14.0,169.0,54.0,CHN,1980,Lake Placid,Figure Skating,Figure Skating Men's Singles,no medal,2,1
263999,Xu Zhaoxiao,18.0,169.0,54.0,CHN,1984,Sarajevo,Figure Skating,Figure Skating Men's Singles,no medal,2,2
264118,Aleksey Konstantinovich Yagudin,17.0,175.0,65.0,RUS,1998,Nagano,Figure Skating,Figure Skating Men's Singles,no medal,2,1
264119,Aleksey Konstantinovich Yagudin,21.0,175.0,65.0,RUS,2002,Salt Lake City,Figure Skating,Figure Skating Men's Singles,Gold,2,2
264594,Yan Han,17.0,169.0,64.0,CHN,2014,Sochi,Figure Skating,Figure Skating Men's Singles,no medal,1,1
265149,Geoffrey Sidney Yates,17.0,173.39762611275964,65.59163987138264,GBR,1936,Garmisch-Partenkirchen,Figure Skating,Figure Skating Men's Singles,no medal,1,1
267249,V'iacheslav Vasylovych Zahorodniuk,25.0,170.0,59.0,UKR,1998,Nagano,Figure Skating,Figure Skating Men's Singles,no medal,2,2
268356,Karel Zelenka,22.0,175.0,62.0,ITA,2006,Torino,Figure Skating,Figure Skating Men's Singles,no medal,1,1
268862,Zhang Min,17.0,176.0,76.0,CHN,1994,Lillehammer,Figure Skating,Figure Skating Men's Singles,no medal,4,1
268863,Zhang Min,25.0,176.0,76.0,CHN,2002,Salt Lake City,Figure Skating,Figure Skating Men's Singles,no medal,4,2
268864,Zhang Min,29.0,176.0,76.0,CHN,2006,Torino,Figure Skating,Figure Skating Men's Singles,no medal,4,3
269063,Zhang Zhubin,21.0,173.39762611275964,65.59163987138264,CHN,1988,Calgary,Figure Skating,Figure Skating Men's Singles,no medal,2,1
269064,Zhang Zhubin,25.0,173.39762611275964,65.59163987138264,CHN,1992,Albertville,Figure Skating,Figure Skating Men's Singles,no medal,2,2
270106,Trifun ivanovi,30.0,173.0,63.0,SCG,2006,Torino,Figure Skating,Figure Skating Men's Singles,no medal,1,1
